action,personName,workId,canonicalWorkId,workTitle,currentProvider,availabilityType,source,note,sourceUrl,finalClassification,newProviderName,newAvailabilityType,officialSourceUrl,reason,confidence,needsManualReview,origin
keep,大沼晶保,csv-tv-これ余談なんですけど…,csv-tv-これ余談なんですけど…,これ余談なんですけど…,Prime Video,flatrate,manual_csv,Prime Video内のABCオンデマンドで配信を確認。Prime会費とは別に追加チャンネル契約が必要。大沼晶保出演回の現行掲載は未確認。,https://www.google.com/imgres?q=%E3%81%93%E3%82%8C%E4%BD%99%E8%AB%87%E3%81%AA%E3%82%93%E3%81%A7%E3%81%99%E3%81%91%E3%81%A9%E2%80%A6&imgurl=https%3A%2F%2Fstatics.tver.jp%2Fimages%2Fcontent%2Fthumbnail%2Fseries%2Flarge%2Fsrpsd26e4i.jpg%3Fv%3D11&imgrefurl=https%3A%2F%2Ftver.jp%2Fseries%2Fsrpsd26e4i&docid=sxv8_AiXXD8aTM&tbnid=spqbkliOS2E75M&vet=12ahUKEwiS6vXksN6VAxX-gVYBHQeLFeYQnPAOegQINRAA..i&w=960&h=540&hcb=2&ved=2ahUKEwiS6vXksN6VAxX-gVYBHQeLFeYQnPAOegQINRAA,A,Prime Video,flatrate,https://www.amazon.co.jp/gp/video/detail/B0H2VBYJBQ,公式にプライム会員で視聴可能なページあり（シーズン・回によって追加チャンネル版も存在するため一部要確認）,medium,true,A1再確認
keep,齊藤なぎさ,csv-tv-ひみつのアイプリリング編,csv-tv-ひみつのアイプリリング編,ひみつのアイプリ リング編,Prime Video,flatrate,manual_csv,アニメ公式配信一覧でPrime VideoおよびAnime Timesでの配信を確認。チャンネル登録を含む定額配信。,https://aipri.jp/anime/series/himitsu/onair/season-1/,A,Prime Video,flatrate,https://www.amazon.co.jp/gp/video/detail/B0DHKWVZ6D,公式にプライム会員で視聴可能なページあり（シーズン・回によって追加チャンネル版も存在するため一部要確認）,medium,true,A1再確認
keep,宮近海斗,csv-tv-花のち晴れ～花男nextseason～,csv-tv-花のち晴れ～花男nextseason～,花のち晴れ～花男 Next Season～,Prime Video,flatrate,manual_csv,Prime Video公式の現行作品ページを確認。JustWatchでも2026年8月31日時点でAmazon Prime Videoのサブスクリプション配信を確認。,https://www.primevideo.com/-/ja/detail/0MDP8HUR1ZH9FO5BNQBHAX3QUD,A,Prime Video,flatrate,https://www.primevideo.com/-/ja/detail/0MDP8HUR1ZH9FO5BNQBHAX3QUD,公式作品ページの視聴ボタンが「30日間の無料体験／プライムに登録」のみで、追加チャンネルの登録ボタンなし（プライム会員特典で視聴可）,high,false,個別確認37
keep,高橋恭平,csv-tv-連続ドラマｗ-30ストロボ・エッジseason2,csv-tv-連続ドラマｗ-30ストロボ・エッジseason2,連続ドラマＷ-30 ストロボ・エッジ Season2,Prime Video,flatrate,manual_csv,Prime Video公式でSeason2全6話の配信と無料体験表示を確認。WOWOW系チャンネルの追加契約経由。,https://www.primevideo.com/-/ja/detail/0KKOTAUO27C8T9L7WH21JGGYEH?tr=jp,A,Prime Video,flatrate,https://www.primevideo.com/-/ja/detail/0KKOTAUO27C8T9L7WH21JGGYEH?tr=jp,公式作品ページの視聴ボタンが「30日間の無料体験／プライムに登録」のみで、追加チャンネルの登録ボタンなし（プライム会員特典で視聴可）（noteのWOWOW系チャンネル記述は現状と不一致）,high,false,個別確認37
keep,佐野勇斗,tmdb-movie-1119575,tmdb-movie-1119575,TOKYO MER ～隅田川ミッション～,Prime Video,flatrate,manual_csv,JustWatch日本で2026-08-15時点のPrime Videoサブスクリプション配信を確認。,https://www.justwatch.com/jp/%E3%83%86%E3%83%AC%E3%83%93%E7%95%AA%E7%B5%84/tokyo-mer-yu-tian-chuan-mitsushiyon/%E3%82%B7%E3%83%BC%E3%82%BA%E3%83%B3-1,A,Prime Video,flatrate,https://www.amazon.co.jp/gp/video/detail/B0CXJLS5NH,公式作品ページの視聴ボタンが「30日間の無料体験／プライムに登録」のみで、追加チャンネルの登録ボタンなし（プライム会員特典で視聴可）,high,false,個別確認37
keep,中村海人,tmdb-movie-1459017,tmdb-movie-1459017,矢野くんの普通の日々,Prime Video,flatrate,manual_csv,2026年9月14日時点でPrime Videoのサブスクリプション配信を確認。レンタル・購入選択肢もあるが1サービス1行のため見放題を採用。,https://www.justwatch.com/jp/%E6%98%A0%E7%94%BB/shi-ye-kunnopu-tong-nori,A,Prime Video,flatrate,https://www.amazon.co.jp/gp/video/detail/B0DTCJLR21,公式作品ページの視聴ボタンが「30日間の無料体験／プライムに登録」のみで、追加チャンネルの登録ボタンなし（プライム会員特典で視聴可）（実写映画版のページ）,high,false,個別確認37
keep,櫻井翔,tmdb-movie-489891,tmdb-movie-489891,ラプラスの魔女,Prime Video,flatrate,manual_csv,JustWatchが2026年7月7日に日本の77サービスを確認しAmazon Prime Videoのサブスクリプション配信を掲載。,https://www.justwatch.com/jp/%E6%98%A0%E7%94%BB/rapurasunomo-nu,A,Prime Video,flatrate,https://www.amazon.co.jp/gp/video/detail/B0FBKL98X6,公式作品ページの視聴ボタンが「30日間の無料体験／プライムに登録」のみで、追加チャンネルの登録ボタンなし（プライム会員特典で視聴可）,high,false,個別確認37
keep,有村架純,tmdb-movie-695932,tmdb-movie-695932,花束みたいな恋をした,Prime Video,flatrate,manual_csv,Prime Video公式作品ページでサブスクリプション視聴を確認。レンタルまたは購入の選択肢も表示。,https://share.google/images/t1IHT63xX37rF46I3,A,Prime Video,flatrate,https://www.amazon.co.jp/gp/video/detail/B0FJFJDGWY,公式作品ページの視聴ボタンが「30日間の無料体験／プライムに登録」のみで、追加チャンネルの登録ボタンなし（プライム会員特典で視聴可）,high,false,個別確認37
keep,松本若菜,tmdb-tv-157342,tmdb-tv-157342,正直不動産,Prime Video,flatrate,manual_csv,Prime Video内のNHKオンデマンドで配信中。別途NHKオンデマンドチャンネル登録が必要。,https://share.google/images/ly7RkjieDkPi38q5J,A,Prime Video,flatrate,https://www.amazon.co.jp/gp/video/detail/B0CMCB3YHD,公式作品ページの視聴ボタンが「30日間の無料体験／プライムに登録」（プライム会員特典で視聴可）,high,false,A1再確認
keep,福原遥,tmdb-tv-158357,tmdb-tv-158357,星から来たあなた,Prime Video,flatrate,manual_csv,福士蒼汰・福原遥出演の日本版公式ページで、サブスクリプションによる全10話の視聴導線を確認。,https://www.primevideo.com/-/ja/detail/0U8HUZSQY4BGFYU91NMYB7I1GN,A,Prime Video,flatrate,https://www.primevideo.com/-/ja/detail/0U8HUZSQY4BGFYU91NMYB7I1GN,公式作品ページの視聴ボタンが「30日間の無料体験／プライムに登録」のみで、追加チャンネルの登録ボタンなし（プライム会員特典で視聴可）,high,false,個別確認37
keep,林遣都,tmdb-tv-218038,tmdb-tv-218038,VIVANT,Prime Video,flatrate,manual_csv,Prime Video内HBO Maxチャンネルで配信。追加のチャンネル契約が必要,https://www.google.com/imgres?q=VIVANT%0D%0A&imgurl=https%3A%2F%2Fwww.tbs.co.jp%2FVIVANT_tbs%2Fimg%2Ftop%2Fmain.jpg%3F1&imgrefurl=https%3A%2F%2Fwww.tbs.co.jp%2FVIVANT_tbs%2F&docid=LPuZ7a4umwWBPM&tbnid=Ki61Pi0cR9f02M&vet=12ahUKEwiE6cP08feVAxUvja8BHZauLHMQnPAOegQINBAA..i&w=1800&h=1273&hcb=2&ved=2ahUKEwiE6cP08feVAxUvja8BHZauLHMQnPAOegQINBAA,A,Prime Video,flatrate,https://www.amazon.co.jp/gp/video/detail/B0GWWXMQ8Y,公式作品ページの視聴ボタンが「30日間の無料体験／プライムに登録」のみで、追加チャンネルの登録ボタンなし（プライム会員特典で視聴可）（noteのHBO Maxチャンネル記述は現状と不一致）,high,false,個別確認37
keep,佐野勇斗,tmdb-tv-229302,tmdb-tv-229302,トリリオンゲーム,Prime Video,flatrate,manual_csv,JustWatch日本で2026-08-20時点のPrime Videoサブスクリプション配信を確認。,https://www.justwatch.com/jp/%E3%83%86%E3%83%AC%E3%83%93%E7%95%AA%E7%B5%84/toririongemu,A,Prime Video,flatrate,https://www.amazon.co.jp/gp/video/detail/B0DC2TVKXV,公式作品ページの視聴ボタンが「30日間の無料体験／プライムに登録」のみで、追加チャンネルの登録ボタンなし（プライム会員特典で視聴可）（ドラマ版のページ）,high,false,個別確認37
keep,中村倫也,tmdb-tv-250558,tmdb-tv-250558,Shrink―精神科医ヨワイ―,Prime Video,flatrate,manual_csv,Prime Video公式ページで配信を確認。NHKオンデマンドチャンネル等、表示される視聴プランへの登録が必要。,https://www.primevideo.com/-/ja/detail/0HELJI59INVG0B5CEQBVZ8B2IA?tr=jp,A,Prime Video,flatrate,https://www.primevideo.com/-/ja/detail/0HELJI59INVG0B5CEQBVZ8B2IA?tr=jp,公式作品ページの視聴ボタンが「30日間の無料体験／PrimeまたはNHKオンデマンドに登録」（プライム会員で視聴可）,medium,true,A1再確認
keep,土屋太鳳,tmdb-tv-250558,tmdb-tv-250558,Shrink―精神科医ヨワイ―,Prime Video,flatrate,manual_csv,Prime Video内のNHKオンデマンドチャンネルで配信を確認。別途チャンネル契約が必要。,https://www.amazon.co.jp/gp/video/channel/d395cdd2-5a86-4ac7-9ea4-7267b94bc7d3,A,Prime Video,flatrate,https://www.amazon.co.jp/gp/video/detail/B0DC2HVFFL,公式作品ページの視聴ボタンが「30日間の無料体験／PrimeまたはNHKオンデマンドに登録」（プライム会員で視聴可。NHKオンデマンドチャンネルでも視聴可）,medium,true,個別確認37
keep,染谷将太,tmdb-tv-31616,tmdb-tv-31616,龍馬伝,Prime Video,flatrate,manual_csv,Prime Video内のNHKオンデマンドチャンネルで配信を確認。追加契約が必要,https://www.google.com/imgres?q=%E9%BE%8D%E9%A6%AC%E4%BC%9D%0D%0A%E3%83%89%E3%83%A9%E3%83%9E%0D%0A2010%E5%B9%B4&imgurl=https%3A%2F%2Fm.media-amazon.com%2Fimages%2FI%2F61CHSUe2uIL._AC_UF1000%2C1000_QL80_.jpg&imgrefurl=https%3A%2F%2Fwww.amazon.co.jp%2F%25E9%25BE%258D%25E9%25A6%25AC%25E4%25BC%259D-%25E5%2589%258D%25E7%25B7%25A8-NHK%25E5%25A4%25A7%25E6%25B2%25B3%25E3%2583%2589%25E3%2583%25A9%25E3%2583%259E%25E3%2583%25BB%25E3%2582%25B9%25E3%2583%2588%25E3%2583%25BC%25E3%2583%25AA%25E3%2583%25BC-%25E7%25A6%258F%25E7%2594%25B0-%25E9%259D%2596%2Fdp%2F4149233535&docid=FYbumTIozGcEUM&tbnid=Y7sy8YkXCGDRPM&vet=12ahUKEwjsnLS35fKVAxX3klYBHaAWHIgQnPAOegQIORAA..i&w=708&h=1000&hcb=2&ved=2ahUKEwjsnLS35fKVAxX3klYBHaAWHIgQnPAOegQIORAA,A,Prime Video,flatrate,https://www.primevideo.com/-/ja/detail/0NE1RAP5KAZLAM9YIC6TFLE6XK,公式にプライム会員で視聴可能なページあり（シーズン・回によって追加チャンネル版も存在するため一部要確認）,medium,true,A1再確認
keep,宮近海斗,tmdb-tv-66584,tmdb-tv-66584,99.9 -刑事専門弁護士-,Prime Video,flatrate,manual_csv,JustWatchで2026年9月3日時点、Season1のAmazon Prime Videoサブスクリプション配信を確認。Prime Video公式にもSeason1作品ページあり。,https://www.justwatch.com/jp/テレビ番組/99-9-xing-shi-zhuan-men-bian-hu-shi/シーズン-1,A,Prime Video,flatrate,https://www.amazon.co.jp/gp/video/detail/B0G4XDM3XF,公式作品ページの視聴ボタンが「30日間の無料体験／プライムに登録」のみで、追加チャンネルの登録ボタンなし（プライム会員特典で視聴可）,high,false,個別確認37
keep,有村架純,tmdb-tv-92594,tmdb-tv-92594,そして、生きる,Prime Video,flatrate,manual_csv,Prime Video公式作品ページでサブスクリプション視聴を確認。,https://www.amazon.co.jp/そして、生きる/dp/B0FQ3TBTY3,A,Prime Video,flatrate,https://www.amazon.co.jp/そして、生きる/dp/B0FQ3TBTY3,公式作品ページの視聴ボタンが「30日間の無料体験／プライムに登録」のみで、追加チャンネルの登録ボタンなし（プライム会員特典で視聴可）,high,false,個別確認37
rename,森田ひかる,ai-tv-櫻坂46のそこ曲がったら櫻坂,ai-tv-櫻坂46のそこ曲がったら櫻坂,櫻坂46のそこ曲がったら、櫻坂?,Prime Video,flatrate,manual_csv,2026-08-14確認。Prime Video内のLemino Select（追加契約）で配信。,https://www.primevideo.com/detail/0U1PJYAFQ3R1LK1LQIBB0NSTBW?tr=jp,B,Lemino Select Amazon Channel,flatrate,https://www.primevideo.com/detail/0U1PJYAFQ3R1LK1LQIBB0NSTBW?tr=jp,公式作品ページの視聴ボタンが「leminojp」（benefitId=leminojp）＝追加チャンネル登録が必要,high,false,A1確定
rename,塩﨑太智,csv-movie-juvenilizm-青春主義-specialshortfilm,csv-movie-juvenilizm-青春主義-specialshortfilm,Juvenilizm-青春主義-Special Short Film-,Prime Video,flatrate,manual_csv,Prime Video内の日本映画NETチャンネルで見放題。通常のPrime会員見放題ではなくチャンネル追加契約が必要。,https://www.primevideo.com/-/zh/detail/0KKH356QW0MMP0A1UFWIEJZAPU?tr=jp,B,Nihon Eiga Net Amazon Channel,flatrate,https://www.primevideo.com/-/zh/detail/0KKH356QW0MMP0A1UFWIEJZAPU?tr=jp,公式作品ページの視聴ボタンが「nihoneigach」（benefitId=nihoneigach）＝追加チャンネル登録が必要,high,false,A1確定
rename,賀来賢人,csv-movie-映画おかあさんといっしょすりかえかめんをつかまえろ,csv-movie-映画おかあさんといっしょすりかえかめんをつかまえろ,映画 おかあさんといっしょ すりかえかめんをつかまえろ!,Prime Video,flatrate,manual_csv,Prime Video内のNHKこどもパークまたはアニメタイムズ追加契約で見放題。,https://www.primevideo.com/-/ja/detail/0O2AUQUAGESL52HM6DY7ME3IWC?tr=jp,B,Anime Times Amazon Channel,flatrate,https://www.primevideo.com/-/ja/detail/0O2AUQUAGESL52HM6DY7ME3IWC?tr=jp,"公式作品ページの視聴ボタンが「animetimesjp」（benefitId=animetimesjp,nhkkodomopark）＝追加チャンネル登録が必要",high,false,A1確定
rename,小栗旬,csv-tv-border警視庁捜査一課殺人犯捜査第4係,csv-tv-border警視庁捜査一課殺人犯捜査第4係,BORDER 警視庁捜査一課殺人犯捜査第4係,Prime Video,flatrate,manual_csv,Prime VideoのTELASA for Prime Videoチャンネルで定額視聴を確認。直接レンタルも選択可能。,https://www.primevideo.com/-/ja/detail/0J1YWM9JWXM5CXFYR4Z5LBB976,B,TELASA Amazon Channel,flatrate,https://www.primevideo.com/-/ja/detail/0J1YWM9JWXM5CXFYR4Z5LBB976,公式作品ページの視聴ボタンが「telasajp」（benefitId=telasajp）＝追加チャンネル登録が必要,high,false,A1確定
rename,松本かれん,csv-tv-fruitszipperspeciallive2026「ener,csv-tv-fruitszipperspeciallive2026「ener,FRUITS ZIPPER SPECIAL LIVE 2026「ENERGY」アーカイブ配信,Prime Video,flatrate,manual_csv,Prime Video公式で配信中。視聴にはTELASA for Prime Videoの追加登録が必要。,https://www.primevideo.com/detail/0IYXAAH78SQT0EUNGK8FO8IR8A?tr=jp,B,TELASA Amazon Channel,flatrate,https://www.primevideo.com/detail/0IYXAAH78SQT0EUNGK8FO8IR8A?tr=jp,公式作品ページの視聴ボタンが「telasajp」（benefitId=telasajp）＝追加チャンネル登録が必要,high,false,A1確定
rename,櫻井優衣,csv-tv-fruitszipperのnewkawaiiってしてよ,csv-tv-fruitszipperのnewkawaiiってしてよ,FRUITS ZIPPERのNEW KAWAIIってしてよ？,Prime Video,flatrate,manual_csv,Prime Video内TELASA for Prime Video追加チャンネル対象,https://www.amazon.co.jp/FRUITS-ZIPPER%E3%81%AENEW-KAWAII%E3%81%A3%E3%81%A6%E3%81%97%E3%81%A6%E3%82%88%EF%BC%9F/dp/B0F57ZZX7H,B,TELASA Amazon Channel,flatrate,https://www.amazon.co.jp/FRUITS-ZIPPER%E3%81%AENEW-KAWAII%E3%81%A3%E3%81%A6%E3%81%97%E3%81%A6%E3%82%88%EF%BC%9F/dp/B0F57ZZX7H,公式作品ページの視聴ボタンが「telasajp」（benefitId=telasajp）＝追加チャンネル登録が必要,high,false,A1確定
rename,真中まな,csv-tv-fruitszipperのnewkawaiiってしてよ,csv-tv-fruitszipperのnewkawaiiってしてよ,FRUITS ZIPPERのNEW KAWAIIってしてよ？,Prime Video,flatrate,manual_csv,TELASA for Prime Videoチャンネルで視聴可能,https://www.amazon.co.jp/FRUITS-ZIPPER%E3%81%AENEW-KAWAII%E3%81%A3%E3%81%A6%E3%81%97%E3%81%A6%E3%82%88%EF%BC%9F/dp/B0F57ZZX7H,B,TELASA Amazon Channel,flatrate,https://www.amazon.co.jp/FRUITS-ZIPPER%E3%81%AENEW-KAWAII%E3%81%A3%E3%81%A6%E3%81%97%E3%81%A6%E3%82%88%EF%BC%9F/dp/B0F57ZZX7H,公式作品ページの視聴ボタンが「telasajp」（benefitId=telasajp）＝追加チャンネル登録が必要,high,false,A1確定
rename,松本かれん,csv-tv-fruitszipperのnewkawaiiってしてよ東京ドーム,csv-tv-fruitszipperのnewkawaiiってしてよ東京ドーム,FRUITS ZIPPERのNEW KAWAIIってしてよ？ 東京ドーム公演の振り返りトーク,Prime Video,flatrate,manual_csv,Prime Video公式で対象エピソードを確認。視聴にはTELASA for Prime Videoの追加登録が必要。,https://www.primevideo.com/detail/0T1387YCMUNUG0MRP8KUYGBBSI?tr=jp,B,TELASA Amazon Channel,flatrate,https://www.primevideo.com/detail/0T1387YCMUNUG0MRP8KUYGBBSI?tr=jp,公式作品ページの視聴ボタンが「telasajp」（benefitId=telasajp）＝追加チャンネル登録が必要,high,false,A1確定
rename,仲川瑠夏,csv-tv-fruitszipperのはちゃめちゃファクトリー,csv-tv-fruitszipperのはちゃめちゃファクトリー,FRUITS ZIPPERのはちゃめちゃファクトリー,Prime Video,flatrate,manual_csv,Prime Video内の「TELASA for Prime Video」チャンネルで見放題。別途チャンネル登録が必要。,https://www.primevideo.com/detail/0OWLE1GBXGHATMC4HHRBZK7VGC?tr=jp,B,TELASA Amazon Channel,flatrate,https://www.primevideo.com/detail/0OWLE1GBXGHATMC4HHRBZK7VGC?tr=jp,公式作品ページの視聴ボタンが「telasajp」（benefitId=telasajp）＝追加チャンネル登録が必要,high,false,A1確定
rename,仲川瑠夏,csv-tv-kawaiilab4thanniversaryspecialli,csv-tv-kawaiilab4thanniversaryspecialli,KAWAII LAB. 4th Anniversary Special LIVE 〜KAWAII LAB. SESSION in 神戸〜,Prime Video,flatrate,manual_csv,Prime Video内の「TELASA for Prime Video」チャンネルで見放題。別途チャンネル登録が必要。,https://www.primevideo.com/detail/0G4UXDMVJPBDOYDB6JT62BO6F1?tr=jp,B,TELASA Amazon Channel,flatrate,https://www.primevideo.com/detail/0G4UXDMVJPBDOYDB6JT62BO6F1?tr=jp,公式作品ページの視聴ボタンが「telasajp」（benefitId=telasajp）＝追加チャンネル登録が必要,high,false,A1確定
rename,松本かれん,csv-tv-kawaiilab4thanniversaryspecialli,csv-tv-kawaiilab4thanniversaryspecialli,KAWAII LAB. 4th Anniversary Special LIVE Day2 アーカイブ配信,Prime Video,flatrate,manual_csv,Prime Video公式でDay2を確認。視聴にはTELASA for Prime Videoの追加登録が必要。,https://www.primevideo.com/detail/0G4UXDMVJPBDOYDB6JT62BO6F1?tr=jp,B,TELASA Amazon Channel,flatrate,https://www.primevideo.com/detail/0G4UXDMVJPBDOYDB6JT62BO6F1?tr=jp,公式作品ページの視聴ボタンが「telasajp」（benefitId=telasajp）＝追加チャンネル登録が必要,high,false,A1確定
rename,土屋太鳳,csv-tv-wの悲劇,csv-tv-wの悲劇,Wの悲劇,Prime Video,flatrate,manual_csv,Prime Video内のNHKオンデマンド公式作品ページで視聴可能。別途NHKオンデマンドチャンネル契約が必要。,https://www.amazon.co.jp/%EF%BC%B7%E3%81%AE%E6%82%B2%E5%8A%87-NHK%E3%82%AA%E3%83%B3%E3%83%87%E3%83%9E%E3%83%B3%E3%83%89/dp/B082GCSX4Q,B,NHK On Demand Amazon Channel,flatrate,https://www.amazon.co.jp/gp/video/detail/B0G66Z94SK,公式作品ページ（タイトル検索で特定）の視聴ボタンがチャンネル登録（NHKオンデマンドで観る 今すぐ登録）,high,false,A1再確認
rename,目黒蓮,csv-tv-「消えた初恋」学級日誌,csv-tv-「消えた初恋」学級日誌,「消えた初恋」学級日誌,Prime Video,flatrate,manual_csv,Prime Video内のTELASA for Prime Videoチャンネルで配信。別途チャンネル契約が必要。,https://www.amazon.co.jp/dp/B0DKB66RGM,B,TELASA Amazon Channel,flatrate,https://www.amazon.co.jp/dp/B0DKB66RGM,公式作品ページの視聴ボタンが「telasajp」（benefitId=telasajp）＝追加チャンネル登録が必要,high,false,A1確定
rename,小芝風花,csv-tv-あさが来た,csv-tv-あさが来た,あさが来た,Prime Video,flatrate,manual_csv,Prime Video内のNHKオンデマンドチャンネルで配信。チャンネル契約が必要。,https://www.amazon.co.jp/%E3%81%82%E3%81%95%E3%81%8C%E6%9D%A5%E3%81%9F/dp/B0C9VHRZLY,B,NHK On Demand Amazon Channel,flatrate,https://www.amazon.co.jp/%E3%81%82%E3%81%95%E3%81%8C%E6%9D%A5%E3%81%9F/dp/B0C9VHRZLY,公式作品ページの視聴ボタンが「NHKオンデマンドで観る 今すぐ登録」（benefitId=nhkondemandjp）＝追加チャンネル登録が必要,high,false,A1確定
rename,山田裕貴,csv-tv-おんな城主直虎,csv-tv-おんな城主直虎,おんな城主 直虎,Prime Video,flatrate,manual_csv,Prime Video公式でNHKオンデマンドチャンネル月額990円の見放題対象として確認。,https://share.google/images/cygCzmNtpNsbJhhvJ,B,NHK On Demand Amazon Channel,flatrate,https://www.amazon.co.jp/gp/video/detail/B0B67718FN,公式作品ページの視聴ボタンが「NHKオンデマンドで観る 今すぐ登録（月額￥990）」＝Prime Video内の追加チャンネル登録が必要,high,false,個別確認37
rename,高橋恭平,csv-tv-なにわ男子の逆転男子,csv-tv-なにわ男子の逆転男子,なにわ男子の逆転男子,Prime Video,flatrate,manual_csv,Prime Video公式で「TELASA for Prime Video」の7日間無料体験表示を確認。Prime会費のみではなく追加チャンネル契約が必要。,https://www.primevideo.com/-/ja/detail/0K7M3ZI6H1V5LZSLF00FGJ1D2P,B,TELASA Amazon Channel,flatrate,https://www.primevideo.com/-/ja/detail/0K7M3ZI6H1V5LZSLF00FGJ1D2P,公式作品ページの視聴ボタンが「telasajp」（benefitId=telasajp）＝追加チャンネル登録が必要,high,false,A1確定
rename,染谷将太,csv-tv-ももさんと7人のパパゲーノ,csv-tv-ももさんと7人のパパゲーノ,ももさんと7人のパパゲーノ,Prime Video,flatrate,manual_csv,Prime Video内「NHKオンデマンド」チャンネルで視聴可能。追加契約が必要,https://www.amazon.co.jp/dp/B0FR2NVDJS,B,NHK On Demand Amazon Channel,flatrate,https://www.amazon.co.jp/dp/B0FR2NVDJS,公式作品ページの視聴ボタンが「NHKオンデマンドで観る 今すぐ登録」（benefitId=nhkondemandjp）＝追加チャンネル登録が必要,high,false,A1確定
rename,深澤辰哉,csv-tv-わたしの宝物,csv-tv-わたしの宝物,わたしの宝物,Prime Video,flatrate,manual_csv,Prime Video内のFODチャンネル対象作品として掲載。Prime会員特典単体ではなくFODチャンネルの追加契約が必要。,https://www.amazon.co.jp/gp/video/channel/4bc76c2e-f6da-42c5-af04-0680e6c5d685,B,FOD Channel Amazon Channel,flatrate,https://www.amazon.co.jp/gp/video/detail/B0CJ5QHBQC,"公式作品ページの視聴ボタンが「月額￥1,320で登録（benefitId=fodjp）」＝Prime Video内の追加チャンネル登録が必要",high,false,個別確認37
rename,染谷将太,csv-tv-オリバーな犬(gosh)このヤロウシーズン1,csv-tv-オリバーな犬(gosh)このヤロウシーズン1,オリバーな犬、(Gosh!!)このヤロウ シーズン1,Prime Video,flatrate,manual_csv,Prime Video内「NHKオンデマンド」チャンネルで視聴可能。追加契約が必要,https://www.amazon.co.jp/dp/B09GLQ8DXM,B,NHK On Demand Amazon Channel,flatrate,https://www.amazon.co.jp/gp/video/detail/B0CWFDYYND,公式作品ページ（タイトル検索で特定）の視聴ボタンがチャンネル登録（NHKオンデマンドで観る 今すぐ登録）,high,false,A1再確認
rename,あきらかにあきら,csv-tv-オーラル・ジョブズ,csv-tv-オーラル・ジョブズ,オーラル・ジョブズ,Prime Video,flatrate,manual_csv,Prime Video公式で「オーラル・ジョブズ」1シーズンの現行視聴ページを確認。「7日間の無料体験」表示がありサブスクリプション視聴として確認。,https://www.primevideo.com/-/ja/detail/0TH2W9ECQL8X0VFD579FX5HDXD,B,スペシャオンデマンド Amazon Channel,flatrate,https://www.primevideo.com/-/ja/detail/0TH2W9ECQL8X0VFD579FX5HDXD,公式作品ページの視聴ボタンが「スペシャオンデマンドの無料体験を開始する」＝Prime Video内の追加チャンネル登録が必要（第1話のみ無料）,high,true,個別確認37
rename,山中拓也,csv-tv-オーラル・ジョブズ#1,csv-tv-オーラル・ジョブズ#1,オーラル・ジョブズ #1,Prime Video,flatrate,manual_csv,現在Prime Videoで配信を確認。放送時#1（2017年5月1日）はVOD側ではエピソード2「写真家 平間至（1）」として掲載され、スペシャオンデマンドのサブスクリプション対象。,https://www.primevideo.com/-/ja/detail/0TH2W9ECQL8X0VFD579FX5HDXD,B,スペシャオンデマンド Amazon Channel,flatrate,https://www.primevideo.com/-/ja/detail/0TH2W9ECQL8X0VFD579FX5HDXD,公式作品ページの視聴ボタンが「スペシャオンデマンドの無料体験を開始する」＝Prime Video内の追加チャンネル登録が必要（第1話のみ無料）,high,true,個別確認37
rename,山中拓也,csv-tv-オーラル・ジョブズ#2,csv-tv-オーラル・ジョブズ#2,オーラル・ジョブズ #2,Prime Video,flatrate,manual_csv,現在Prime Videoで配信を確認。放送時#2（2017年5月8日）はVOD側ではエピソード3「写真家 平間至（2）」として掲載され、スペシャオンデマンドのサブスクリプション対象。,https://www.primevideo.com/-/ja/detail/0TH2W9ECQL8X0VFD579FX5HDXD,B,スペシャオンデマンド Amazon Channel,flatrate,https://www.primevideo.com/-/ja/detail/0TH2W9ECQL8X0VFD579FX5HDXD,公式作品ページの視聴ボタンが「スペシャオンデマンドの無料体験を開始する」＝Prime Video内の追加チャンネル登録が必要,high,true,個別確認37
rename,山中拓也,csv-tv-オーラル・ジョブズ#3,csv-tv-オーラル・ジョブズ#3,オーラル・ジョブズ #3,Prime Video,flatrate,manual_csv,現在Prime Videoで配信を確認。放送時#3（2017年5月15日）はVOD側ではエピソード4「写真家 平間至（3）」として掲載され、スペシャオンデマンドのサブスクリプション対象。,https://www.primevideo.com/-/ja/detail/0TH2W9ECQL8X0VFD579FX5HDXD,B,スペシャオンデマンド Amazon Channel,flatrate,https://www.primevideo.com/-/ja/detail/0TH2W9ECQL8X0VFD579FX5HDXD,公式作品ページの視聴ボタンが「スペシャオンデマンドの無料体験を開始する」＝Prime Video内の追加チャンネル登録が必要,high,true,個別確認37
rename,山中拓也,csv-tv-オーラル・ジョブズ#4,csv-tv-オーラル・ジョブズ#4,オーラル・ジョブズ #4,Prime Video,flatrate,manual_csv,現在Prime Videoで配信を確認。放送時#4（2017年5月22日）はVOD側ではエピソード5「写真家 平間至（4）」として掲載され、スペシャオンデマンドのサブスクリプション対象。,https://www.primevideo.com/-/ja/detail/0TH2W9ECQL8X0VFD579FX5HDXD,B,スペシャオンデマンド Amazon Channel,flatrate,https://www.primevideo.com/-/ja/detail/0TH2W9ECQL8X0VFD579FX5HDXD,公式作品ページの視聴ボタンが「スペシャオンデマンドの無料体験を開始する」＝Prime Video内の追加チャンネル登録が必要,high,true,個別確認37
rename,綾野剛,csv-tv-カーネーション,csv-tv-カーネーション,カーネーション,Prime Video,flatrate,manual_csv,Prime Video内のNHKオンデマンドチャンネルで配信。チャンネル追加登録が必要（確認日: 2026-07-21）,https://share.google/images/QUZEkqipdtc6nUlWA,B,NHK On Demand Amazon Channel,flatrate,https://www.primevideo.com/-/ja/detail/0TASVJX3SZE24URVTPCG414QT0,公式作品ページ（タイトル検索で特定）の視聴ボタンがチャンネル登録（NHKオンデマンドで観る 今すぐ登録）,high,false,A1再確認
rename,音嶋莉沙,csv-tv-キミはもっと＝loveを愛せるか,csv-tv-キミはもっと＝loveを愛せるか,キミはもっと＝LOVEを愛せるか!!!,Prime Video,flatrate,manual_csv,Prime Video内のFOD Channel追加契約で視聴可能。Prime会員特典単体の見放題ではない。,https://www.google.com/imgres?q=%E3%82%AD%E3%83%9F%E3%81%AF%E3%82%82%E3%81%A3%E3%81%A8%EF%BC%9DLOVE%E3%82%92%E6%84%9B%E3%81%9B%E3%82%8B%E3%81%8B!!!%0D%0A&imgurl=https%3A%2F%2Fi.ytimg.com%2Fvi%2FjMCVbfvsTSE%2Fhq720.jpg%3Fsqp%3D-oaymwEhCK4FEIIDSFryq4qpAxMIARUAAAAAGAElAADIQj0AgKJD%26rs%3DAOn4CLA3QSKTh-aYHGn_QXvT5eNsd8--4g&imgrefurl=https%3A%2F%2Fwww.youtube.com%2Fwatch%3Fv%3DjMCVbfvsTSE&docid=Q0KilILZxfKn_M&tbnid=ncZtd0n_hME8jM&vet=12ahUKEwjd_5Xk8duVAxX0YfUHHcE3DY8QnPAOegQIOhAA..i&w=686&h=386&hcb=2&ved=2ahUKEwjd_5Xk8duVAxX0YfUHHcE3DY8QnPAOegQIOhAA,B,FOD Channel Amazon Channel,flatrate,https://www.amazon.co.jp/gp/video/detail/B0FWKC4QYF,公式作品ページ（タイトル検索で特定）の視聴ボタンがチャンネル登録（FOD Channel Amazon Channel）,high,false,A1再確認
rename,真中まな,csv-tv-ゴールデンドリーム,csv-tv-ゴールデンドリーム,ゴールデンドリーム,Prime Video,flatrate,manual_csv,TELASA for Prime Videoチャンネルで視聴可能,https://www.amazon.co.jp/%E3%82%B4%E3%83%BC%E3%83%AB%E3%83%87%E3%83%B3%E3%83%89%E3%83%AA%E3%83%BC%E3%83%A0/dp/B0F39682JF,B,TELASA Amazon Channel,flatrate,https://www.amazon.co.jp/%E3%82%B4%E3%83%BC%E3%83%AB%E3%83%87%E3%83%B3%E3%83%89%E3%83%AA%E3%83%BC%E3%83%A0/dp/B0F39682JF,公式作品ページの視聴ボタンが「telasajp」（benefitId=telasajp）＝追加チャンネル登録が必要,high,false,A1確定
rename,松本若菜,csv-tv-デフ・ヴォイス法廷の手話通訳士,csv-tv-デフ・ヴォイス法廷の手話通訳士,デフ・ヴォイス 法廷の手話通訳士,Prime Video,flatrate,manual_csv,Prime Video公式で視聴ページを確認。NHKオンデマンドの追加登録が必要な場合あり。,https://www.amazon.co.jp/%E3%83%87%E3%83%95%E3%83%BB%E3%83%B4%E3%82%A9%E3%82%A4%E3%82%B9-%E6%B3%95%E5%BB%B7%E3%81%AE%E6%89%8B%E8%A9%B1%E9%80%9A%E8%A8%B3%E5%A3%AB/dp/B0CP8L4D6D,B,NHK On Demand Amazon Channel,flatrate,https://www.amazon.co.jp/%E3%83%87%E3%83%95%E3%83%BB%E3%83%B4%E3%82%A9%E3%82%A4%E3%82%B9-%E6%B3%95%E5%BB%B7%E3%81%AE%E6%89%8B%E8%A9%B1%E9%80%9A%E8%A8%B3%E5%A3%AB/dp/B0CP8L4D6D,公式作品ページの視聴ボタンが「NHKオンデマンドで観る 今すぐ登録」（benefitId=nhkondemandjp）＝追加チャンネル登録が必要,high,false,A1確定
rename,齋藤飛鳥,csv-tv-ドキュメント72時間「香川謎の“古代サウナ”灼熱の向こうに」,csv-tv-ドキュメント72時間「香川謎の“古代サウナ”灼熱の向こうに」,ドキュメント72時間「香川 謎の“古代サウナ” 灼熱の向こうに」,Prime Video,flatrate,manual_csv,Prime Video内のNHKオンデマンドチャンネルで配信。別途チャンネル契約が必要。,https://www.amazon.co.jp/%E3%83%89%E3%82%AD%E3%83%A5%E3%83%A1%E3%83%B3%E3%83%88%EF%BC%97%EF%BC%92%E6%99%82%E9%96%93/dp/B0B8PCNCNW,B,NHK On Demand Amazon Channel,flatrate,https://www.amazon.co.jp/%E3%83%89%E3%82%AD%E3%83%A5%E3%83%A1%E3%83%B3%E3%83%88%EF%BC%97%EF%BC%92%E6%99%82%E9%96%93/dp/B0B8PCNCNW,公式作品ページの視聴ボタンが「NHKオンデマンドで観る 今すぐ登録」（benefitId=nhkondemandjp）＝追加チャンネル登録が必要,high,false,A1確定
rename,中村倫也,csv-tv-ホリデイラブ番外編〜10年前の井筒夫妻編〜,csv-tv-ホリデイラブ番外編〜10年前の井筒夫妻編〜,ホリデイラブ 番外編 〜10年前の井筒夫妻編〜,Prime Video,flatrate,manual_csv,2026-07-24確認。TELASA for Prime Videoチャンネル加入で見放題。,https://www.amazon.co.jp/%E3%80%90%E7%95%AA%E5%A4%96%E7%B7%A8%E3%80%91%E3%83%9B%E3%83%AA%E3%83%87%E3%82%A4%E3%83%A9%E3%83%96/dp/B0CVQCSLJV,B,TELASA Amazon Channel,flatrate,https://www.amazon.co.jp/%E3%80%90%E7%95%AA%E5%A4%96%E7%B7%A8%E3%80%91%E3%83%9B%E3%83%AA%E3%83%87%E3%82%A4%E3%83%A9%E3%83%96/dp/B0CVQCSLJV,公式作品ページの視聴ボタンが「telasajp」（benefitId=telasajp）＝追加チャンネル登録が必要,high,false,A1確定
rename,松本潤,csv-tv-ラッキーセブンスペシャル,csv-tv-ラッキーセブンスペシャル,ラッキーセブン スペシャル,Prime Video,flatrate,manual_csv,Prime Video公式作品ページを確認。日本ではFOD Channel for Prime Videoへの追加登録が必要な見放題配信。,https://www.primevideo.com/-/ja/detail/0JAW2UUPUZQOXAUMGLK89J4DT5,B,FOD Channel Amazon Channel,flatrate,https://www.primevideo.com/-/ja/detail/0JAW2UUPUZQOXAUMGLK89J4DT5,公式作品ページの視聴ボタンが「fodjp」（benefitId=fodjp）＝追加チャンネル登録が必要,high,false,A1確定
rename,川端晃菜,csv-tv-乃木坂466期生稼働中,csv-tv-乃木坂466期生稼働中,乃木坂46 6期生稼働中,Prime Video,flatrate,manual_csv,2026年8月1日確認。Prime Video内「Leminoセレクト」の追加サブスクリプション対象として全12話を現在配信中。,https://www.primevideo.com/detail/0P6VELB5XTWO2H7DF432C8LBZR,B,Lemino Select Amazon Channel,flatrate,https://www.primevideo.com/detail/0P6VELB5XTWO2H7DF432C8LBZR,公式作品ページの視聴ボタンが「leminojp」（benefitId=leminojp）＝追加チャンネル登録が必要,high,false,A1確定
rename,愛宕心響,csv-tv-乃木坂466期生稼働中,csv-tv-乃木坂466期生稼働中,乃木坂46 6期生稼働中,Prime Video,flatrate,manual_csv,Prime Video内Lemino Selectで現在配信中。別途チャンネル登録が必要,https://www.amazon.co.jp/dp/B0CWDQ86VC,B,Lemino Select Amazon Channel,flatrate,https://www.amazon.co.jp/dp/B0CWDQ86VC,公式作品ページの視聴ボタンが「Leminoセレクトで観る 今すぐ7日間無料体験」（benefitId=leminojp）＝追加チャンネル登録が必要,high,false,A1確定
rename,小芝風花,csv-tv-京都の大宇宙東寺,csv-tv-京都の大宇宙東寺,京都の大宇宙 東寺,Prime Video,flatrate,manual_csv,Prime Video内のNHKオンデマンドチャンネルで特別編を配信。チャンネル契約が必要。,https://www.amazon.co.jp/%E4%BA%AC%E9%83%BD%E3%81%AE%E5%A4%A7%E5%AE%87%E5%AE%99-%E6%9D%B1%E5%AF%BA-%E7%89%B9%E5%88%A5%E7%B7%A8-NHK%E3%82%AA%E3%83%B3%E3%83%87%E3%83%9E%E3%83%B3%E3%83%89/dp/B081LDZDTF,B,NHK On Demand Amazon Channel,flatrate,https://www.amazon.co.jp/gp/video/detail/B0H4CR71V4,公式作品ページ（タイトル検索で特定）の視聴ボタンがチャンネル登録（NHKオンデマンドで観る 今すぐ登録）,high,false,A1再確認
rename,深澤辰哉,csv-tv-今日からラブリーマン,csv-tv-今日からラブリーマン,今日からラブリーマン,Prime Video,flatrate,manual_csv,TELASA for Prime Videoチャンネルで見放題。Prime会費とは別にチャンネル登録が必要。,https://www.amazon.co.jp/dp/B0D742B6D7,B,TELASA Amazon Channel,flatrate,https://www.amazon.co.jp/dp/B0D742B6D7,公式作品ページの視聴ボタンが「telasajp」（benefitId=telasajp）＝追加チャンネル登録が必要,high,false,A1確定
rename,小芝風花,csv-tv-体感再び首都直下地震,csv-tv-体感再び首都直下地震,体感再び 首都直下地震,Prime Video,flatrate,manual_csv,Prime Video内のNHKオンデマンドチャンネルで本編を掲載。チャンネル契約が必要。,https://www.amazon.co.jp/%E4%BD%93%E6%84%9F%E5%86%8D%E3%81%B3-%E9%A6%96%E9%83%BD%E7%9B%B4%E4%B8%8B%E5%9C%B0%E9%9C%87/dp/B0CGPKSKGX,B,NHK On Demand Amazon Channel,flatrate,https://www.amazon.co.jp/%E4%BD%93%E6%84%9F%E5%86%8D%E3%81%B3-%E9%A6%96%E9%83%BD%E7%9B%B4%E4%B8%8B%E5%9C%B0%E9%9C%87/dp/B0CGPKSKGX,公式作品ページの視聴ボタンが「NHKオンデマンドで観る 今すぐ登録」（benefitId=nhkondemandjp）＝追加チャンネル登録が必要,high,false,A1確定
rename,寺西拓人,csv-tv-光一＆シゲのshowマン豪華ゲスト集結東京ドリームパーク開業sp,csv-tv-光一＆シゲのshowマン豪華ゲスト集結東京ドリームパーク開業sp,光一＆シゲのSHOWマン!! 豪華ゲスト集結！東京ドリームパーク開業SP！,Prime Video,flatrate,manual_csv,Prime Video公式で当該回を確認。視聴は「TELASA for Prime Video」チャンネルの追加サブスクリプション対象で、Prime会員特典単体ではない。,https://www.primevideo.com/-/id/detail/0N1O4BLO8V3VLI04JQI0BYUFM9?tr=jp,B,TELASA Amazon Channel,flatrate,https://www.primevideo.com/-/id/detail/0N1O4BLO8V3VLI04JQI0BYUFM9?tr=jp,公式作品ページの視聴ボタンが「telasajp」（benefitId=telasajp）＝追加チャンネル登録が必要,high,false,A1確定
rename,上村ひなの,csv-tv-嘘解きレトリック第2話,csv-tv-嘘解きレトリック第2話,嘘解きレトリック 第2話,Prime Video,flatrate,manual_csv,Prime Video公式作品ページで配信ページを確認。配信区分は見放題/チャンネル扱いとして記録,https://www.amazon.co.jp/%E5%98%98%E8%A7%A3%E3%81%8D%E3%83%AC%E3%83%88%E3%83%AA%E3%83%83%E3%82%AF/dp/B0DGFLWGG8,B,FOD Channel Amazon Channel,flatrate,https://www.amazon.co.jp/%E5%98%98%E8%A7%A3%E3%81%8D%E3%83%AC%E3%83%88%E3%83%AA%E3%83%83%E3%82%AF/dp/B0DGFLWGG8,公式作品ページの視聴ボタンが「fodjp」（benefitId=fodjp）＝追加チャンネル登録が必要,high,false,A1確定
rename,小芝風花,csv-tv-大岡越前第1期第3話「白洲に咲いた母子草」,csv-tv-大岡越前第1期第3話「白洲に咲いた母子草」,大岡越前 第1期 第3話「白洲に咲いた母子草」,Prime Video,flatrate,manual_csv,Prime Video内のNHKオンデマンドチャンネルで第1期を配信。小芝風花出演の第3話を含み、チャンネル契約が必要。,https://www.amazon.co.jp/%E5%A4%A7%E5%B2%A1%E8%B6%8A%E5%89%8D/dp/B0B8LBQXRH,B,NHK On Demand Amazon Channel,flatrate,https://www.amazon.co.jp/%E5%A4%A7%E5%B2%A1%E8%B6%8A%E5%89%8D/dp/B0B8LBQXRH,公式作品ページの視聴ボタンが「NHKオンデマンドで観る 今すぐ登録」（benefitId=nhkondemandjp）＝追加チャンネル登録が必要（「配信は終了しました」表示はPrime本体のもので、チャンネル登録ボタンあり）,high,false,A1確定
rename,小芝風花,csv-tv-恋と就活のダンパ,csv-tv-恋と就活のダンパ,恋と就活のダンパ,Prime Video,flatrate,manual_csv,Prime Video内のNHKオンデマンドチャンネルで本編を配信。チャンネル契約が必要。,https://www.amazon.co.jp/%E6%81%8B%E3%81%A8%E5%B0%B1%E6%B4%BB%E3%81%AE%E3%83%80%E3%83%B3%E3%83%91%EF%BC%81-NHK%E3%82%AA%E3%83%B3%E3%83%87%E3%83%9E%E3%83%B3%E3%83%89/dp/B081LF642B,B,NHK On Demand Amazon Channel,flatrate,https://www.amazon.co.jp/gp/video/detail/B0H4N5113P,公式作品ページ（タイトル検索で特定）の視聴ボタンがチャンネル登録（NHKオンデマンドで観る 今すぐ登録）,high,false,A1再確認
rename,松本かれん,csv-tv-推しと夏祭り,csv-tv-推しと夏祭り,推しと夏祭り,Prime Video,flatrate,manual_csv,Prime Video公式の「バラバラマンスリー」で松本かれん出演の「推しと夏祭り」エピソードを確認。追加チャンネル登録が必要となる場合あり。,https://www.amazon.co.jp/dp/B0DX8439XB,B,TELASA Amazon Channel,flatrate,https://www.amazon.co.jp/dp/B0DX8439XB,公式作品ページの視聴ボタンが「telasajp」（benefitId=telasajp）＝追加チャンネル登録が必要（「配信は終了しました」表示はPrime本体のもので、チャンネル登録ボタンあり）,high,false,A1確定
rename,堺雅人,csv-tv-新選組土方歳三最期の一日,csv-tv-新選組土方歳三最期の一日,新選組!! 土方歳三 最期の一日,Prime Video,flatrate,manual_csv,Prime Video内のNHKオンデマンドチャンネルでシリーズ掲載を確認。別途チャンネル登録が必要。,https://www.amazon.co.jp/%E6%96%B0%E9%81%B8%E7%B5%84%EF%BC%81/dp/B0FRNKCDRN,B,NHK On Demand Amazon Channel,flatrate,https://www.amazon.co.jp/%E6%96%B0%E9%81%B8%E7%B5%84%EF%BC%81/dp/B0FRNKCDRN,公式作品ページの視聴ボタンが「NHKオンデマンドで観る 今すぐ登録」（benefitId=nhkondemandjp）＝追加チャンネル登録が必要（「配信は終了しました」表示はPrime本体のもので、チャンネル登録ボタンあり）,high,false,A1確定
rename,松本若菜,csv-tv-正直不動産2,csv-tv-正直不動産2,正直不動産2,Prime Video,flatrate,manual_csv,Prime Video公式で視聴ページを確認。NHKオンデマンドの追加登録が必要な場合あり。,https://share.google/images/zTzVmcGKiH4iiMysC,B,NHK On Demand Amazon Channel,flatrate,https://www.amazon.co.jp/gp/video/detail/B0CKPZ9T5V,公式作品ページの視聴ボタンが「NHKオンデマンドで観る 今すぐ登録（月額￥990）」＝Prime Video内の追加チャンネル登録が必要,high,false,個別確認37
rename,松本若菜,csv-tv-正直不動産スペシャル,csv-tv-正直不動産スペシャル,正直不動産スペシャル,Prime Video,flatrate,manual_csv,Prime Video内のNHKオンデマンドで配信中。別途チャンネル登録が必要。,https://www.cinematoday.jp/ent/shojiki-fudosan-series-delivery/,B,NHK On Demand Amazon Channel,flatrate,https://www.amazon.co.jp/gp/video/detail/B0CH9BP3KC,公式作品ページ（タイトル検索で特定）の視聴ボタンがチャンネル登録（NHKオンデマンドで観る 今すぐ登録）,high,false,A1再確認
rename,松本若菜,csv-tv-法医学教室の事件ファイル30,csv-tv-法医学教室の事件ファイル30,法医学教室の事件ファイル30,Prime Video,flatrate,manual_csv,Prime Video公式で第30作を日本映画NETチャンネル経由で見放題配信中。別途チャンネル登録が必要。,https://share.google/images/ECONs3eZTDasXQBjM,B,Nihon Eiga Net Amazon Channel,flatrate,https://www.amazon.co.jp/gp/video/detail/B0FV9SZHDZ,公式作品ページ（タイトル検索で特定）の視聴ボタンがチャンネル登録（Nihon Eiga Net Amazon Channel）,high,false,A1再確認
rename,森田ひかる,csv-tv-浜ちゃんが,csv-tv-浜ちゃんが,浜ちゃんが！,Prime Video,flatrate,manual_csv,Prime Video公式で同放送回を配信中。視聴にはPrime Video内の追加チャンネル契約または無料体験が必要となる場合がある。,https://www.primevideo.com/detail/0TT1KDSIQTQNNH86E0REQNIJQI,B,FANY Channel Select Amazon Channel,flatrate,https://www.primevideo.com/detail/0TT1KDSIQTQNNH86E0REQNIJQI,公式作品ページの視聴ボタンが「FANYチャンネルセレクトの無料体験を開始する」＝Prime Video内の追加チャンネル登録が必要,high,false,個別確認37
rename,宮近海斗,csv-tv-特捜9,csv-tv-特捜9,特捜9,Prime Video,flatrate,manual_csv,Prime Video公式でTELASA for Prime Videoチャンネル経由のサブスクリプション視聴導線を確認。,https://www.primevideo.com/-/fil/detail/0RMNN4NFMV1OO3XQKPH8IM9T2F?tr=jp,B,TELASA Amazon Channel,flatrate,https://www.primevideo.com/-/fil/detail/0RMNN4NFMV1OO3XQKPH8IM9T2F?tr=jp,公式作品ページの視聴ボタンが「telasajp」（benefitId=telasajp）＝追加チャンネル登録が必要,high,false,A1確定
rename,宮近海斗,csv-tv-特捜9season6,csv-tv-特捜9season6,特捜9 season6,Prime Video,flatrate,manual_csv,Prime Video公式でTELASA for Prime Videoチャンネル経由のサブスクリプション視聴導線を確認。,https://www.primevideo.com/-/ja/detail/0FGV5VQD8SCNEAXTZVYCR63VXQ?tr=jp,B,TELASA Amazon Channel,flatrate,https://www.primevideo.com/-/ja/detail/0FGV5VQD8SCNEAXTZVYCR63VXQ?tr=jp,公式作品ページの視聴ボタンが「telasajp」（benefitId=telasajp）＝追加チャンネル登録が必要,high,false,A1確定
rename,宮近海斗,csv-tv-特捜9season7,csv-tv-特捜9season7,特捜9 season7,Prime Video,flatrate,manual_csv,Prime Video公式でTELASA for Prime Videoチャンネル経由のサブスクリプション視聴導線を確認。,https://www.primevideo.com/-/nb/detail/0GXW11IHVJ3YXVB8K29EAMS97B?tr=jp,B,TELASA Amazon Channel,flatrate,https://www.primevideo.com/-/nb/detail/0GXW11IHVJ3YXVB8K29EAMS97B?tr=jp,公式作品ページの視聴ボタンが「telasajp」（benefitId=telasajp）＝追加チャンネル登録が必要,high,false,A1確定
rename,桜井玲香,csv-tv-花燃ゆ,csv-tv-花燃ゆ,花燃ゆ,Prime Video,flatrate,manual_csv,Prime Video公式でNHKオンデマンド経由の視聴ページを確認。,https://www.amazon.co.jp/%E8%8A%B1%E7%87%83%E3%82%86/dp/B0DCCCYX7M,B,NHK On Demand Amazon Channel,flatrate,https://www.amazon.co.jp/%E8%8A%B1%E7%87%83%E3%82%86/dp/B0DCCCYX7M,公式作品ページの視聴ボタンが「NHKオンデマンドで観る 今すぐ登録」（benefitId=nhkondemandjp）＝追加チャンネル登録が必要,high,false,A1確定
rename,松本かれん,csv-tv-街グルメをマジ探索かまいまち,csv-tv-街グルメをマジ探索かまいまち,街グルメをマジ探索！かまいまち,Prime Video,flatrate,manual_csv,Prime Video公式で「FRUITS ZIPPER松本かれんに全乗っかりで原宿をマジ探索！」を確認。FOD Channel for Prime Videoの追加登録が必要。,https://www.primevideo.com/detail/0K623O0IZUID8AOKHNK6LO0U59,B,FOD Channel Amazon Channel,flatrate,https://www.primevideo.com/detail/0K623O0IZUID8AOKHNK6LO0U59,公式作品ページの視聴ボタンが「fodjp」（benefitId=fodjp）＝追加チャンネル登録が必要（「配信は終了しました」表示はPrime本体のもので、チャンネル登録ボタンあり）,high,false,A1確定
rename,中村倫也,csv-tv-軍師官兵衛,csv-tv-軍師官兵衛,軍師官兵衛,Prime Video,flatrate,manual_csv,Prime Video公式作品ページでNHKオンデマンドチャンネル対象作品として掲載。チャンネルへの別途登録が必要。,https://www.primevideo.com/-/ja/detail/0SJTHPKIH3Y7XM0UVI7DYMZ9P1,B,NHK On Demand Amazon Channel,flatrate,https://www.primevideo.com/-/ja/detail/0SJTHPKIH3Y7XM0UVI7DYMZ9P1,公式作品ページの視聴ボタンが「NHKオンデマンドで観る サブスクリプションを開始する」（benefitId=nhkondemandjp）＝追加チャンネル登録が必要,high,false,A1確定
rename,吉田仁人,csv-tv-迷子のわたしは諦めることもうまくいかない,csv-tv-迷子のわたしは諦めることもうまくいかない,迷子のわたしは、諦めることもうまくいかない,Prime Video,flatrate,manual_csv,Prime Video公式にCHUKYO TV SELECTのサブスクリプション作品として現行掲載。中京テレビ公式もサブスクリプション見放題と案内。,https://www.primevideo.com/-/es/detail/0IFS3OIGL87DBG0F1GVULQC0TZ?tr=jp,B,中京テレビ セレクト！ Amazon Channel,flatrate,https://www.amazon.co.jp/gp/video/detail/B0DP9JJBHF,公式作品ページの視聴ボタンが「中京テレビ セレクト！で観る 今すぐ7日間無料体験」＝Prime Video内の追加チャンネル登録が必要,high,true,個別確認37
rename,遠藤さくら,csv-tv-連続テレビ小説らんまん,csv-tv-連続テレビ小説らんまん,連続テレビ小説 らんまん,Prime Video,flatrate,manual_csv,Prime Video内NHKオンデマンドチャンネルで配信中。追加契約が必要,https://www.amazon.co.jp/%E3%82%89%E3%82%93%E3%81%BE%E3%82%93/dp/B0B7GHB2VJ,B,NHK On Demand Amazon Channel,flatrate,https://www.amazon.co.jp/%E3%82%89%E3%82%93%E3%81%BE%E3%82%93/dp/B0B7GHB2VJ,公式作品ページの視聴ボタンが「NHKオンデマンドで観る 今すぐ登録」（benefitId=nhkondemandjp）＝追加チャンネル登録が必要,high,false,A1確定
rename,志尊淳,csv-tv-金魚姫,csv-tv-金魚姫,金魚姫,Prime Video,flatrate,manual_csv,Prime Video内NHKオンデマンドの追加契約が必要,https://www.amazon.co.jp/%E9%87%91%E9%AD%9A%E5%A7%AB-NHK%E3%82%AA%E3%83%B3%E3%83%87%E3%83%9E%E3%83%B3%E3%83%89/dp/B086JDS9MH,B,NHK On Demand Amazon Channel,flatrate,https://www.amazon.co.jp/gp/video/detail/B0H4LQTT3K,公式作品ページ（タイトル検索で特定）の視聴ボタンがチャンネル登録（NHKオンデマンドで観る 今すぐ登録）,high,false,A1再確認
rename,月足天音,csv-tv-青春シンデレラ,csv-tv-青春シンデレラ,青春シンデレラ,Prime Video,flatrate,manual_csv,Prime Video内のABCオンデマンドまたはFODチャンネルで視聴可能。各チャンネルの追加登録が必要,https://www.primevideo.com/-/es_419/detail/0MW26FKN855K59XQQ7VULRZ7UF?tr=jp,B,FOD Channel Amazon Channel,flatrate,https://www.primevideo.com/-/es_419/detail/0MW26FKN855K59XQQ7VULRZ7UF?tr=jp,"公式作品ページの視聴ボタンが「abcodjp」（benefitId=abcodjp,fodjp）＝追加チャンネル登録が必要",high,false,A1確定
rename,中村倫也,csv-tv-風薫る,csv-tv-風薫る,風、薫る,Prime Video,flatrate,manual_csv,Prime Video内のNHKオンデマンドチャンネルで配信。チャンネルへの別途登録が必要。,https://www.primevideo.com/-/ja/detail/0S3DA30ZTPRU6PM9ZQSG1V9RWR,B,NHK On Demand Amazon Channel,flatrate,https://www.primevideo.com/-/ja/detail/0S3DA30ZTPRU6PM9ZQSG1V9RWR,公式作品ページの視聴ボタンが「NHKオンデマンドで観る サブスクリプションを開始する」（benefitId=nhkondemandjp）＝追加チャンネル登録が必要,high,false,A1確定
rename,西畑大吾,tmdb-movie-458909,tmdb-movie-458909,ラストレシピ ～麒麟の舌の記憶～,Prime Video,flatrate,manual_csv,Prime Video内の日本映画NETチャンネルで視聴導線を確認。Prime本体単品ページには利用不可表示もあるためmedium,https://www.primevideo.com/-/ja/detail/0HSKRSRWL7YU0EO1HXNCA6DSC0?tr=jp,B,Nihon Eiga Net Amazon Channel,flatrate,https://www.primevideo.com/-/ja/detail/0HSKRSRWL7YU0EO1HXNCA6DSC0?tr=jp,"公式作品ページの視聴ボタンが「nihoneigach」（benefitId=nihoneigach,premiertvpackjp）＝追加チャンネル登録が必要",high,false,A1確定
rename,米徳京花,tmdb-movie-561259,tmdb-movie-561259,「超」怖い話2,Prime Video,flatrate,manual_csv,Prime Video公式ページでChannel恐怖のサブスクリプション配信を確認,https://www.primevideo.com/-/ja/detail/0LMSC5BS44IV3UULN9PFEG60TV,B,Channel Kyofu Amazon Channel,flatrate,https://www.primevideo.com/-/ja/detail/0LMSC5BS44IV3UULN9PFEG60TV,公式作品ページの視聴ボタンが「キングレコード映像制作部またはChannel恐怖に登録」＝Prime Video内の追加チャンネル登録が必要,high,true,個別確認37
rename,小芝風花,tmdb-movie-591627,tmdb-movie-591627,夕凪の街 桜の国2018,Prime Video,flatrate,manual_csv,Prime Video内のNHKオンデマンドチャンネルで本編を配信。チャンネル契約が必要。,https://www.amazon.co.jp/%E5%A4%95%E5%87%AA%E3%81%AE%E8%A1%97-%E6%A1%9C%E3%81%AE%E5%9B%BD%EF%BC%92%EF%BC%90%EF%BC%91%EF%BC%98-NHK%E3%82%AA%E3%83%B3%E3%83%87%E3%83%9E%E3%83%B3%E3%83%89/dp/B081LF5ZGD,B,NHK On Demand Amazon Channel,flatrate,https://www.amazon.co.jp/gp/video/detail/B0H4DDNP86,公式作品ページ（タイトル検索で特定）の視聴ボタンがチャンネル登録（NHKオンデマンドで観る 今すぐ登録）,high,false,A1再確認
rename,清原果耶,tmdb-movie-601553,tmdb-movie-601553,レ・ミゼラブル 終わりなき旅路,Prime Video,flatrate,manual_csv,FOD Channel for Prime Videoの追加契約が必要,https://www.amazon.co.jp/s?k=%E3%83%AC%E3%83%BB%E3%83%9F%E3%82%BC%E3%83%A9%E3%83%96%E3%83%AB+%E7%B5%82%E3%82%8F%E3%82%8A%E3%81%AA%E3%81%8D%E6%97%85%E8%B7%AF&i=instant-video,B,FOD Channel Amazon Channel,flatrate,https://www.amazon.co.jp/gp/video/detail/B0B8K269NW,"公式作品ページの視聴ボタンが「月額￥1,320で登録（benefitId=fodjp）」＝Prime Video内の追加チャンネル登録が必要",high,false,個別確認37
rename,松村北斗,tmdb-tv-101514,tmdb-tv-101514,10の秘密,Prime Video,flatrate,manual_csv,Prime Video内のKANTELE DOGA CHANNELで配信中。Prime会費とは別にチャンネル登録が必要。Amazonでの直接レンタル表示も確認。,https://www.amazon.co.jp/gp/video/detail/amzn1.dv.gti.e2b7cba0-ff71-7a60-a95a-7b43eba9e177,B,KANTELE DOGA CHANNEL Amazon Channel,flatrate,https://www.amazon.co.jp/gp/video/detail/amzn1.dv.gti.e2b7cba0-ff71-7a60-a95a-7b43eba9e177,公式作品ページの視聴ボタンが「カンテレド―ガCHANNELで観る 今すぐ7日間無料体験」（benefitId=kyotoch）＝追加チャンネル登録が必要,high,false,A1確定
rename,大西流星,tmdb-tv-103432,tmdb-tv-103432,年下彼氏,Amazon Prime Video,flatrate,ai_recheck,最新の配信状況はAmazon Prime Videoの公式サイトでご確認ください。,,B,FOD Channel Amazon Channel,flatrate,https://www.primevideo.com/-/fil/detail/0QW1ZJU1E4VD2B3VQWQF7H11IM?tr=jp,同じ作品（長尾謙杜の行）が公式作品ページで追加チャンネル（FOD Channel Amazon Channel）と確認済み。同作品の他人物行に残るPrime本体名義のため併せて修正,high,false,同一作品の他人物行
rename,長尾謙杜,tmdb-tv-103432,tmdb-tv-103432,年下彼氏,Prime Video,flatrate,manual_csv,Prime Video公式でABC On DemandまたはFOD Channel for Prime Videoの追加契約により視聴可能。,https://www.primevideo.com/-/fil/detail/0QW1ZJU1E4VD2B3VQWQF7H11IM?tr=jp,B,FOD Channel Amazon Channel,flatrate,https://www.primevideo.com/-/fil/detail/0QW1ZJU1E4VD2B3VQWQF7H11IM?tr=jp,"公式作品ページの視聴ボタンが「abcodjp」（benefitId=abcodjp,fodjp）＝追加チャンネル登録が必要",high,false,A1確定
rename,志尊淳,tmdb-tv-110514,tmdb-tv-110514,天使にリクエストを～人生最後の願い～,Prime Video,flatrate,manual_csv,Prime Video内NHKオンデマンドの追加契約が必要,https://www.google.com/imgres?q=%E5%A4%A9%E4%BD%BF%E3%81%AB%E3%83%AA%E3%82%AF%E3%82%A8%E3%82%B9%E3%83%88%E3%82%92%EF%BD%9E%E4%BA%BA%E7%94%9F%E6%9C%80%E5%BE%8C%E3%81%AE%E9%A1%98%E3%81%84%EF%BD%9E&imgurl=https%3A%2F%2Fwww.tvguide.or.jp%2Fwp%2Fwp-content%2Fuploads%2F2020%2F10%2F00001722001_02.jpg&imgrefurl=https%3A%2F%2Fwww.tvguide.or.jp%2Fdramaguide%2Fsummer2020-00001722%2F&docid=mXS7GV6Ii_j2HM&tbnid=WECRz4Nm5N2vNM&vet=12ahUKEwjIjPru9PeVAxUunq8BHTRlFW4QnPAOegQISxAA..i&w=350&h=260&hcb=2&ved=2ahUKEwjIjPru9PeVAxUunq8BHTRlFW4QnPAOegQISxAA,B,NHK On Demand Amazon Channel,flatrate,https://www.amazon.co.jp/gp/video/detail/B0FC1L4FZR,公式作品ページ（タイトル検索で特定）の視聴ボタンがチャンネル登録（NHKオンデマンドで観る 今すぐ登録）,high,false,A1再確認
rename,坂口健太郎,tmdb-tv-125215,tmdb-tv-125215,鎌倉殿の13人,Prime Video,flatrate,manual_csv,Prime VideoのNHKオンデマンドチャンネルで見放題。追加チャンネル契約が必要。,https://www.amazon.co.jp/%E9%8E%8C%E5%80%89%E6%AE%BF%E3%81%AE%EF%BC%91%EF%BC%93%E4%BA%BA-NHK%E3%82%AA%E3%83%B3%E3%83%87%E3%83%9E%E3%83%B3%E3%83%89/dp/B09PMGVD4Z,B,NHK On Demand Amazon Channel,flatrate,https://www.amazon.co.jp/gp/video/detail/B0B8K1B4HH,公式作品ページ（タイトル検索で特定）の視聴ボタンがチャンネル登録（NHKオンデマンドで観る 今すぐ登録）,high,false,A1再確認
rename,小栗旬,tmdb-tv-125215,tmdb-tv-125215,鎌倉殿の13人,Prime Video,flatrate,manual_csv,Prime VideoのNHKオンデマンドチャンネルで見放題。追加チャンネル契約が必要。,https://www.amazon.co.jp/%E9%8E%8C%E5%80%89%E6%AE%BF%E3%81%AE%EF%BC%91%EF%BC%93%E4%BA%BA-NHK%E3%82%AA%E3%83%B3%E3%83%87%E3%83%9E%E3%83%B3%E3%83%89/dp/B09PMGVD4Z,B,NHK On Demand Amazon Channel,flatrate,https://www.amazon.co.jp/gp/video/detail/B0B8K1B4HH,公式作品ページ（タイトル検索で特定）の視聴ボタンがチャンネル登録（NHKオンデマンドで観る 今すぐ登録）,high,false,A1再確認
rename,新垣結衣,tmdb-tv-125215,tmdb-tv-125215,鎌倉殿の13人,Prime Video,flatrate,manual_csv,Prime VideoのNHKオンデマンドチャンネルで見放題。追加チャンネル契約が必要。,https://www.amazon.co.jp/%E9%8E%8C%E5%80%89%E6%AE%BF%E3%81%AE%EF%BC%91%EF%BC%93%E4%BA%BA-NHK%E3%82%AA%E3%83%B3%E3%83%87%E3%83%9E%E3%83%B3%E3%83%89/dp/B09PMGVD4Z,B,NHK On Demand Amazon Channel,flatrate,https://www.amazon.co.jp/gp/video/detail/B0B8K1B4HH,公式作品ページ（タイトル検索で特定）の視聴ボタンがチャンネル登録（NHKオンデマンドで観る 今すぐ登録）,high,false,A1再確認
rename,菅田将暉,tmdb-tv-125215,tmdb-tv-125215,鎌倉殿の13人,Prime Video,flatrate,manual_csv,Prime VideoのNHKオンデマンドチャンネルで見放題。追加チャンネル契約が必要。,https://www.amazon.co.jp/%E9%8E%8C%E5%80%89%E6%AE%BF%E3%81%AE%EF%BC%91%EF%BC%93%E4%BA%BA-NHK%E3%82%AA%E3%83%B3%E3%83%87%E3%83%9E%E3%83%B3%E3%83%89/dp/B09PMGVD4Z,B,NHK On Demand Amazon Channel,flatrate,https://www.amazon.co.jp/gp/video/detail/B0B8K1B4HH,公式作品ページ（タイトル検索で特定）の視聴ボタンがチャンネル登録（NHKオンデマンドで観る 今すぐ登録）,high,false,A1再確認
rename,長澤まさみ,tmdb-tv-125215,tmdb-tv-125215,鎌倉殿の13人,Prime Video,flatrate,manual_csv,Prime VideoのNHKオンデマンドチャンネルで見放題。追加チャンネル契約が必要。,https://www.amazon.co.jp/%E9%8E%8C%E5%80%89%E6%AE%BF%E3%81%AE%EF%BC%91%EF%BC%93%E4%BA%BA-NHK%E3%82%AA%E3%83%B3%E3%83%87%E3%83%9E%E3%83%B3%E3%83%89/dp/B09PMGVD4Z,B,NHK On Demand Amazon Channel,flatrate,https://www.amazon.co.jp/gp/video/detail/B0B8K1B4HH,公式作品ページ（タイトル検索で特定）の視聴ボタンがチャンネル登録（NHKオンデマンドで観る 今すぐ登録）,high,false,A1再確認
rename,目黒蓮,tmdb-tv-135929,tmdb-tv-135929,消えた初恋,Prime Video,flatrate,manual_csv,Prime Video内のTELASA for Prime Videoチャンネルで配信。別途チャンネル契約が必要。,https://www.amazon.co.jp/dp/B0DLLDGVKC,B,TELASA Amazon Channel,flatrate,https://www.amazon.co.jp/dp/B0DLLDGVKC,公式作品ページの視聴ボタンが「telasajp」（benefitId=telasajp）＝追加チャンネル登録が必要,high,false,A1確定
rename,多部未華子,tmdb-tv-153516,tmdb-tv-153516,つばさ,Prime Video,flatrate,manual_csv,Prime Video内のNHKオンデマンドチャンネルで現在配信中。別途チャンネル契約が必要。,https://www.amazon.co.jp/%E3%81%A4%E3%81%B0%E3%81%95/dp/B0DHT7RWFH,B,NHK On Demand Amazon Channel,flatrate,https://www.amazon.co.jp/%E3%81%A4%E3%81%B0%E3%81%95/dp/B0DHT7RWFH,公式作品ページの視聴ボタンが「NHKオンデマンドで観る 今すぐ登録」（benefitId=nhkondemandjp）＝追加チャンネル登録が必要,high,false,A1確定
rename,松本若菜,tmdb-tv-158056,tmdb-tv-158056,星新一の不思議な不思議な短編ドラマ,Prime Video,flatrate,manual_csv,Prime Video内のNHKオンデマンドで配信中。別途NHKオンデマンドチャンネル登録が必要。,https://share.google/images/9f7durOi6qWACIAx2,B,NHK On Demand Amazon Channel,flatrate,https://www.amazon.co.jp/gp/video/detail/B0D7J5YFBB,公式作品ページ（タイトル検索で特定）の視聴ボタンがチャンネル登録（NHKオンデマンドで観る 今すぐ登録）,high,false,A1再確認
rename,染谷将太,tmdb-tv-158056,tmdb-tv-158056,星新一の不思議な不思議な短編ドラマ,Prime Video,flatrate,manual_csv,Prime Video内「NHKオンデマンド」チャンネルで視聴可能。追加契約が必要,https://www.amazon.co.jp/dp/B09V2PD64G,B,NHK On Demand Amazon Channel,flatrate,https://www.amazon.co.jp/gp/video/detail/B0D7J5YFBB,公式作品ページ（タイトル検索で特定）の視聴ボタンがチャンネル登録（NHKオンデマンドで観る 今すぐ登録）,high,false,A1再確認
rename,染谷将太,tmdb-tv-196054,tmdb-tv-196054,17才の帝国,Prime Video,flatrate,manual_csv,Prime Video内「NHKオンデマンド」チャンネルで視聴可能。追加契約が必要,https://www.amazon.co.jp/dp/B0CVBLXYH1,B,NHK On Demand Amazon Channel,flatrate,https://www.amazon.co.jp/dp/B0CVBLXYH1,公式作品ページの視聴ボタンが「NHKオンデマンドで観る 今すぐ登録」（benefitId=nhkondemandjp）＝追加チャンネル登録が必要,high,false,A1確定
rename,堺雅人,tmdb-tv-20573,tmdb-tv-20573,篤姫,Prime Video,flatrate,manual_csv,Prime Video内のNHKオンデマンドチャンネルで現行配信を確認。別途チャンネル登録が必要。,https://www.primevideo.com/-/ja/detail/0MRNZ7ES8KHLTDQGBHINAA53WF?tr=jp,B,NHK On Demand Amazon Channel,flatrate,https://www.primevideo.com/-/ja/detail/0MRNZ7ES8KHLTDQGBHINAA53WF?tr=jp,公式作品ページの視聴ボタンが「NHKオンデマンドで観る サブスクリプションを開始する」（benefitId=nhkondemandjp）＝追加チャンネル登録が必要,high,false,A1確定
rename,遠藤光莉,tmdb-tv-207553,tmdb-tv-207553,そこ曲がったら、櫻坂？,Prime Video,flatrate,manual_csv,Prime Video内のLeminoセレクトで現在掲載。別途Leminoセレクトのチャンネル登録が必要。,https://www.amazon.co.jp/gp/video/channel/739a2b7b-188d-47a1-9c8e-3adf42f8647f,B,Lemino Select Amazon Channel,flatrate,https://www.amazon.co.jp/gp/video/detail/B0GDH4631N,公式作品ページの視聴ボタンが「Leminoセレクトで観る 今すぐ7日間無料体験」＝Prime Video内の追加チャンネル登録が必要,high,false,個別確認37
rename,遠藤理子,tmdb-tv-207553,tmdb-tv-207553,そこ曲がったら、櫻坂？,Prime Video,flatrate,openai_web_search,Lemino Selectチャンネルの7日間無料体験を利用して視聴可能です。,,B,Lemino Select Amazon Channel,flatrate,https://www.amazon.co.jp/gp/video/detail/B0GDH4631N,公式作品ページの視聴ボタンが「Leminoセレクトで観る 今すぐ7日間無料体験」＝Prime Video内の追加チャンネル登録が必要,high,false,個別確認37
rename,山里亮太,tmdb-tv-217762,tmdb-tv-217762,ゲームゲノム,Amazon Prime Video,flatrate,ai_recheck,NHKオンデマンドのチャンネル登録が必要です。,,B,NHK On Demand Amazon Channel,flatrate,https://www.amazon.co.jp/gp/video/detail/B0FVGFZZJ1,公式作品ページ（タイトル検索で特定）の視聴ボタンがチャンネル登録（NHKオンデマンドで観る 今すぐ登録）,high,false,A1再確認
rename,小芝風花,tmdb-tv-222249,tmdb-tv-222249,天使の耳〜交通警察の夜,Prime Video,flatrate,manual_csv,Prime Video内のNHKオンデマンドチャンネルで見放題。,https://www.amazon.co.jp/%E3%80%90%E7%89%B9%E9%9B%86%E3%83%89%E3%83%A9%E3%83%9E%E3%80%91%E5%A4%A9%E4%BD%BF%E3%81%AE%E8%80%B3%EF%BD%9E%E4%BA%A4%E9%80%9A%E8%AD%A6%E5%AF%9F%E3%81%AE%E5%A4%9C/dp/B0B8TFP1ZP,B,NHK On Demand Amazon Channel,flatrate,https://www.amazon.co.jp/%E3%80%90%E7%89%B9%E9%9B%86%E3%83%89%E3%83%A9%E3%83%9E%E3%80%91%E5%A4%A9%E4%BD%BF%E3%81%AE%E8%80%B3%EF%BD%9E%E4%BA%A4%E9%80%9A%E8%AD%A6%E5%AF%9F%E3%81%AE%E5%A4%9C/dp/B0B8TFP1ZP,公式作品ページの視聴ボタンが「NHKオンデマンドで観る 今すぐ登録」（benefitId=nhkondemandjp）＝追加チャンネル登録が必要,high,false,A1確定
rename,小芝風花,tmdb-tv-230707,tmdb-tv-230707,伝七捕物帳,Prime Video,flatrate,manual_csv,Prime Video内のNHKオンデマンドチャンネルで配信。チャンネル契約が必要。,https://www.amazon.co.jp/%E4%BC%9D%E4%B8%83%E6%8D%95%E7%89%A9%E5%B8%B3-NHK%E3%82%AA%E3%83%B3%E3%83%87%E3%83%9E%E3%83%B3%E3%83%89/dp/B07ZQBXSL1,B,NHK On Demand Amazon Channel,flatrate,https://www.amazon.co.jp/gp/video/detail/B0H3CBR2Y4,公式作品ページ（タイトル検索で特定）の視聴ボタンがチャンネル登録（NHKオンデマンドで観る 今すぐ登録）,high,false,A1再確認
rename,広瀬すず,tmdb-tv-255988,tmdb-tv-255988,路上のルカ,Prime Video,flatrate,manual_csv,Prime Video上の日本映画NETチャンネルで配信中。Prime会員特典ではなく追加チャンネル登録が必要。,https://www.amazon.co.jp/%E8%B7%AF%E4%B8%8A%E3%81%AE%E3%83%AB%E3%82%AB/dp/B0G3M2P19Y,B,Nihon Eiga Net Amazon Channel,flatrate,https://www.amazon.co.jp/%E8%B7%AF%E4%B8%8A%E3%81%AE%E3%83%AB%E3%82%AB/dp/B0G3M2P19Y,"公式作品ページの視聴ボタンが「日本映画NETで観る 今すぐ7日間無料体験」（benefitId=nihoneigach,premiertvpackjp）＝追加チャンネル登録が必要",high,false,A1確定
rename,松村北斗,tmdb-tv-255988,tmdb-tv-255988,路上のルカ,Prime Video,flatrate,manual_csv,Prime Videoチャンネル「日本映画NET」で全10話を配信中。視聴には別途チャンネル登録が必要。,https://www.primevideo.com/detail/0IN82XRLFAKQ7P7SS44QFRMDQO?tr=jp,B,Nihon Eiga Net Amazon Channel,flatrate,https://www.primevideo.com/detail/0IN82XRLFAKQ7P7SS44QFRMDQO?tr=jp,"公式作品ページの視聴ボタンが「nihoneigach」（benefitId=nihoneigach,premiertvpackjp）＝追加チャンネル登録が必要",high,false,A1確定
rename,佐々木舞香,tmdb-tv-259908,tmdb-tv-259908,キミは＝LOVEを愛せるか,Prime Video,flatrate,manual_csv,Prime Video公式ページを確認。FODチャンネル経由の配信と判断,https://www.primevideo.com/detail/0LX25M8Q0QGJLT4B4UYKRZB55S,B,FOD Channel Amazon Channel,flatrate,https://www.primevideo.com/detail/0LX25M8Q0QGJLT4B4UYKRZB55S,公式作品ページの視聴ボタンが「fodjp」（benefitId=fodjp）＝追加チャンネル登録が必要,high,false,A1確定
rename,佐竹のん乃,tmdb-tv-259908,tmdb-tv-259908,キミは＝LOVEを愛せるか!,Prime Video,flatrate,manual_csv,Prime Video公式ページを確認。FODチャンネル経由の配信と判断,https://www.primevideo.com/detail/0LX25M8Q0QGJLT4B4UYKRZB55S,B,FOD Channel Amazon Channel,flatrate,https://www.primevideo.com/detail/0LX25M8Q0QGJLT4B4UYKRZB55S,公式作品ページの視聴ボタンが「fodjp」（benefitId=fodjp）＝追加チャンネル登録が必要,high,false,A1確定
rename,大場花菜,tmdb-tv-259908,tmdb-tv-259908,キミは＝LOVEを愛せるか,Prime Video,flatrate,manual_csv,Prime Video公式ページを確認。FODチャンネル経由の配信と判断,https://www.primevideo.com/detail/0LX25M8Q0QGJLT4B4UYKRZB55S,B,FOD Channel Amazon Channel,flatrate,https://www.primevideo.com/detail/0LX25M8Q0QGJLT4B4UYKRZB55S,公式作品ページの視聴ボタンが「fodjp」（benefitId=fodjp）＝追加チャンネル登録が必要,high,false,A1確定
rename,大谷映美里,tmdb-tv-259908,tmdb-tv-259908,キミは＝LOVEを愛せるか,Prime Video,flatrate,manual_csv,Prime Video公式ページを確認。FODチャンネル経由の配信と判断,https://www.primevideo.com/detail/0LX25M8Q0QGJLT4B4UYKRZB55S,B,FOD Channel Amazon Channel,flatrate,https://www.primevideo.com/detail/0LX25M8Q0QGJLT4B4UYKRZB55S,公式作品ページの視聴ボタンが「fodjp」（benefitId=fodjp）＝追加チャンネル登録が必要,high,false,A1確定
rename,山本杏奈,tmdb-tv-259908,tmdb-tv-259908,キミは＝LOVEを愛せるか,Prime Video,flatrate,manual_csv,Prime Video公式ページを確認。FODチャンネル経由の配信と判断,https://www.primevideo.com/detail/0LX25M8Q0QGJLT4B4UYKRZB55S,B,FOD Channel Amazon Channel,flatrate,https://www.primevideo.com/detail/0LX25M8Q0QGJLT4B4UYKRZB55S,公式作品ページの視聴ボタンが「fodjp」（benefitId=fodjp）＝追加チャンネル登録が必要,high,false,A1確定
rename,瀧脇笙古,tmdb-tv-259908,tmdb-tv-259908,キミは＝LOVEを愛せるか,Prime Video,flatrate,manual_csv,Prime Video公式ページを確認。FODチャンネル経由の配信と判断,https://www.primevideo.com/detail/0LX25M8Q0QGJLT4B4UYKRZB55S,B,FOD Channel Amazon Channel,flatrate,https://www.primevideo.com/detail/0LX25M8Q0QGJLT4B4UYKRZB55S,公式作品ページの視聴ボタンが「fodjp」（benefitId=fodjp）＝追加チャンネル登録が必要,high,false,A1確定
rename,諸橋沙夏,tmdb-tv-259908,tmdb-tv-259908,キミは＝LOVEを愛せるか,Prime Video,flatrate,manual_csv,Prime Video公式ページを確認。FODチャンネル経由の配信と判断,https://www.primevideo.com/detail/0LX25M8Q0QGJLT4B4UYKRZB55S,B,FOD Channel Amazon Channel,flatrate,https://www.primevideo.com/detail/0LX25M8Q0QGJLT4B4UYKRZB55S,公式作品ページの視聴ボタンが「fodjp」（benefitId=fodjp）＝追加チャンネル登録が必要,high,false,A1確定
rename,野口衣織,tmdb-tv-259908,tmdb-tv-259908,キミは＝LOVEを愛せるか,Prime Video,flatrate,manual_csv,Prime Video公式ページを確認。FODチャンネル経由の配信と判断,https://www.primevideo.com/detail/0LX25M8Q0QGJLT4B4UYKRZB55S,B,FOD Channel Amazon Channel,flatrate,https://www.primevideo.com/detail/0LX25M8Q0QGJLT4B4UYKRZB55S,公式作品ページの視聴ボタンが「fodjp」（benefitId=fodjp）＝追加チャンネル登録が必要,high,false,A1確定
rename,音嶋莉沙,tmdb-tv-259908,tmdb-tv-259908,キミは＝LOVEを愛せるか,Prime Video,flatrate,manual_csv,Prime Video公式ページを確認。FODチャンネル経由の配信と判断,https://www.primevideo.com/detail/0LX25M8Q0QGJLT4B4UYKRZB55S,B,FOD Channel Amazon Channel,flatrate,https://www.primevideo.com/detail/0LX25M8Q0QGJLT4B4UYKRZB55S,公式作品ページの視聴ボタンが「fodjp」（benefitId=fodjp）＝追加チャンネル登録が必要,high,false,A1確定
rename,齊藤なぎさ,tmdb-tv-259908,tmdb-tv-259908,キミは＝LOVEを愛せるか!!!,Prime Video,flatrate,manual_csv,Prime Video公式ページを確認。FODチャンネル経由の配信と判断,https://www.primevideo.com/detail/0LX25M8Q0QGJLT4B4UYKRZB55S,B,FOD Channel Amazon Channel,flatrate,https://www.primevideo.com/detail/0LX25M8Q0QGJLT4B4UYKRZB55S,公式作品ページの視聴ボタンが「fodjp」（benefitId=fodjp）＝追加チャンネル登録が必要,high,false,A1確定
rename,齋藤樹愛羅,tmdb-tv-259908,tmdb-tv-259908,キミは＝LOVEを愛せるか,Prime Video,flatrate,manual_csv,Prime Video公式ページを確認。FODチャンネル経由の配信と判断,https://www.primevideo.com/detail/0LX25M8Q0QGJLT4B4UYKRZB55S,B,FOD Channel Amazon Channel,flatrate,https://www.primevideo.com/detail/0LX25M8Q0QGJLT4B4UYKRZB55S,公式作品ページの視聴ボタンが「fodjp」（benefitId=fodjp）＝追加チャンネル登録が必要,high,false,A1確定
rename,福原遥,tmdb-tv-291573,tmdb-tv-291573,明日はもっと、いい日になる,Prime Video,flatrate,manual_csv,Prime Video内のFODチャンネル公式ページで配信を確認。FODチャンネルへの追加登録が必要。,https://www.amazon.co.jp/dp/B0DZ6H58GY,B,FOD Channel Amazon Channel,flatrate,https://www.amazon.co.jp/dp/B0DZ6H58GY,公式作品ページの視聴ボタンが「fodjp」（benefitId=fodjp）＝追加チャンネル登録が必要,high,false,A1確定
rename,小栗旬,tmdb-tv-30146,tmdb-tv-30146,湾岸ミッドナイト,Prime Video,flatrate,manual_csv,Prime Video内のチャンネル定額視聴を確認。各話レンタルの選択肢も表示。,https://share.google/images/PBEwqRTJuMA0a8Id2,B,Anime Times Amazon Channel,flatrate,https://www.amazon.co.jp/gp/video/detail/B0FHLS6FSZ,公式作品ページの視聴ボタンが「アニメタイムズで観る 今すぐ30日間無料体験」＝Prime Video内の追加チャンネル登録が必要,high,false,個別確認37
rename,井上和,tmdb-tv-305227,tmdb-tv-305227,豊臣兄弟！,Prime Video,flatrate,manual_csv,Prime Video内のNHKオンデマンドチャンネルで現在配信を確認。別途チャンネル契約が必要。,https://www.primevideo.com/-/ja_JP/channel/d395cdd2-5a86-4ac7-9ea4-7267b94bc7d3?tr=jp,B,NHK On Demand Amazon Channel,flatrate,https://www.amazon.co.jp/gp/video/detail/B0G6MV6Y4Q,公式作品ページの視聴ボタンが「NHKオンデマンドで観る 今すぐ登録（月額￥990）」＝Prime Video内の追加チャンネル登録が必要,high,false,個別確認37
rename,松本若菜,tmdb-tv-313899,tmdb-tv-313899,対決,Prime Video,flatrate,manual_csv,Prime Video内のNHKオンデマンドチャンネルで配信中。チャンネル登録が必要。,"https://www.google.com/imgres?imgurl=https://imgu.web.nhk/static/assets/images/tvseries/ts/4NNQG4JJ57/4NNQG4JJ57-eyecatch_067dce9f56f664f3d557dedf8dbc0a32.jpg&imgrefurl=https://www.web.nhk/tv/an/drama-taiketsu/pl/series-tep-4NNQG4JJ57&h=2160&w=3840&tbnid=8iR--ewEdpEXSM&source=sa.im&usg=AI4_-kSsCQ6Eb8UQKaDoW148wH6rib1kGQ&shem=epsd1,isphc,nisbtsa2,nisbtsal,rimspwouoe&vet=1&docid=EFdI5YKTX5yEvM",B,NHK On Demand Amazon Channel,flatrate,https://www.amazon.co.jp/gp/video/detail/B0GWNX6PW4,公式作品ページ（タイトル検索で特定）の視聴ボタンがチャンネル登録（NHKオンデマンドで観る 今すぐ登録）,high,false,A1再確認
rename,小田倉麗奈,tmdb-tv-314582,tmdb-tv-314582,路地裏ホテル,Prime Video,flatrate,manual_csv,Prime Video内のLeminoセレクトで現在配信中。チャンネル登録が必要。,https://www.primevideo.com/detail/0IO0RVFGUBPIWQRVMLC9DQMZ5N/,B,Lemino Select Amazon Channel,flatrate,https://www.primevideo.com/detail/0IO0RVFGUBPIWQRVMLC9DQMZ5N/,公式作品ページの視聴ボタンが「leminojp」（benefitId=leminojp）＝追加チャンネル登録が必要,high,false,A1確定
rename,山下瞳月,tmdb-tv-314582,tmdb-tv-314582,路地裏ホテル,Prime Video,flatrate,manual_csv,Prime Video内の追加チャンネル「Leminoセレクト」で配信中。通常のPrime会員特典とは別契約が必要。,https://www.primevideo.com/detail/0IO0RVFGUBPIWQRVMLC9DQMZ5N/ref=atv_3p_amz_c_LrCq2C_brws_9_14?jic=32%7CCghsZW1pbm9qcBIMc3Vic2NyaXB0aW9u,B,Lemino Select Amazon Channel,flatrate,https://www.primevideo.com/detail/0IO0RVFGUBPIWQRVMLC9DQMZ5N/ref=atv_3p_amz_c_LrCq2C_brws_9_14?jic=32%7CCghsZW1pbm9qcBIMc3Vic2NyaXB0aW9u,公式作品ページの視聴ボタンが「leminojp」（benefitId=leminojp）＝追加チャンネル登録が必要,high,false,A1確定
rename,堺雅人,tmdb-tv-31577,tmdb-tv-31577,新選組！,Prime Video,flatrate,manual_csv,Prime Video内のNHKオンデマンドチャンネルで現行掲載を確認。別途チャンネル登録が必要。,https://www.amazon.co.jp/%E6%96%B0%E9%81%B8%E7%B5%84%EF%BC%81/dp/B0FRNKCDRN,B,NHK On Demand Amazon Channel,flatrate,https://www.amazon.co.jp/%E6%96%B0%E9%81%B8%E7%B5%84%EF%BC%81/dp/B0FRNKCDRN,公式作品ページの視聴ボタンが「NHKオンデマンドで観る 今すぐ登録」（benefitId=nhkondemandjp）＝追加チャンネル登録が必要（「配信は終了しました」表示はPrime本体のもので、チャンネル登録ボタンあり）,high,false,A1確定
rename,小栗旬,tmdb-tv-35394,tmdb-tv-35394,義経,Prime Video,flatrate,manual_csv,Prime VideoのNHKオンデマンドチャンネルで見放題配信を確認。追加チャンネル契約が必要。,https://www.amazon.co.jp/%E7%BE%A9%E7%B5%8C/dp/B0CVHK42L6,B,NHK On Demand Amazon Channel,flatrate,https://www.amazon.co.jp/%E7%BE%A9%E7%B5%8C/dp/B0CVHK42L6,公式作品ページの視聴ボタンが「NHKオンデマンドで観る 今すぐ登録」（benefitId=nhkondemandjp）＝追加チャンネル登録が必要,high,false,A1確定
rename,綾野剛,tmdb-tv-41593,tmdb-tv-41593,セカンドバージン,Prime Video,flatrate,manual_csv,Prime Video内NHKオンデマンドチャンネルで視聴可能。チャンネル加入が必要,https://www.amazon.co.jp/%E3%82%BB%E3%82%AB%E3%83%B3%E3%83%89%E3%83%90%E3%83%BC%E3%82%B8%E3%83%B3-NHK%E3%82%AA%E3%83%B3%E3%83%87%E3%83%9E%E3%83%B3%E3%83%89/dp/B081LF1DY4,B,NHK On Demand Amazon Channel,flatrate,https://www.amazon.co.jp/gp/video/detail/B0CLF2QDTD,公式作品ページ（タイトル検索で特定）の視聴ボタンがチャンネル登録（NHKオンデマンドで観る 今すぐ登録）,high,false,A1再確認
rename,小栗旬,tmdb-tv-45938,tmdb-tv-45938,リッチマン、プアウーマン,Prime Video,flatrate,manual_csv,Prime Video内のFOD Channel for Prime Videoで配信。チャンネル追加登録が必要（確認日: 2026-07-21）,https://share.google/images/4alwaDG9PuYAjoD74,B,FOD Channel Amazon Channel,flatrate,https://www.amazon.co.jp/gp/video/detail/B0B8MKDZQY,公式作品ページ（タイトル検索で特定）の視聴ボタンがチャンネル登録（FOD Channel Amazon Channel）,high,false,A1再確認
rename,石原さとみ,tmdb-tv-45938,tmdb-tv-45938,リッチマン、プアウーマン,Prime Video,flatrate,manual_csv,Prime Video内のFOD Channel for Prime Videoで配信。チャンネル追加登録が必要（確認日: 2026-07-21）,https://share.google/images/4alwaDG9PuYAjoD74,B,FOD Channel Amazon Channel,flatrate,https://www.amazon.co.jp/gp/video/detail/B0B8MKDZQY,公式作品ページ（タイトル検索で特定）の視聴ボタンがチャンネル登録（FOD Channel Amazon Channel）,high,false,A1再確認
rename,綾野剛,tmdb-tv-45938,tmdb-tv-45938,リッチマン、プアウーマン,Prime Video,flatrate,manual_csv,Prime Video内のFOD Channel for Prime Videoで配信。チャンネル追加登録が必要（確認日: 2026-07-21）,https://share.google/images/4alwaDG9PuYAjoD74,B,FOD Channel Amazon Channel,flatrate,https://www.amazon.co.jp/gp/video/detail/B0B8MKDZQY,公式作品ページ（タイトル検索で特定）の視聴ボタンがチャンネル登録（FOD Channel Amazon Channel）,high,false,A1再確認
rename,綾野剛,tmdb-tv-50111,tmdb-tv-50111,最高の離婚,Prime Video,flatrate,manual_csv,Prime Video内のFOD Channel for Prime Videoで配信。チャンネル追加登録が必要（確認日: 2026-07-21）,https://www.amazon.co.jp/%E6%9C%80%E9%AB%98%E3%81%AE%E9%9B%A2%E5%A9%9A/s?k=%E6%9C%80%E9%AB%98%E3%81%AE%E9%9B%A2%E5%A9%9A,B,FOD Channel Amazon Channel,flatrate,https://www.amazon.co.jp/gp/video/detail/B0B75VHS4J,"公式作品ページの視聴ボタンが「月額￥1,320で登録（benefitId=fodjp）」＝Prime Video内の追加チャンネル登録が必要",high,false,個別確認37
rename,林遣都,tmdb-tv-70934,tmdb-tv-70934,精霊の守り人,Prime Video,flatrate,manual_csv,Prime Video内のNHKオンデマンド公式チャンネルで配信中。別途チャンネル登録が必要。,https://www.amazon.co.jp/精霊の守り人-4K-UHD-NHKオンデマンド/dp/B0CNSBXSZR,B,NHK On Demand Amazon Channel,flatrate,https://www.amazon.co.jp/精霊の守り人-4K-UHD-NHKオンデマンド/dp/B0CNSBXSZR,公式作品ページの視聴ボタンが「NHKオンデマンドで観る 今すぐ登録」（benefitId=nhkondemandjp）＝追加チャンネル登録が必要,high,false,A1確定
rename,松本潤,tmdb-tv-72270,tmdb-tv-72270,失恋ショコラティエ,Prime Video,flatrate,manual_csv,Prime Video公式作品ページを確認。日本ではFOD Channel for Prime Videoへの追加登録が必要な見放題配信。,https://www.primevideo.com/-/ja/detail/0ILF49VS37YQUV5VAUVVU8EZZ5,B,FOD Channel Amazon Channel,flatrate,https://www.primevideo.com/-/ja/detail/0ILF49VS37YQUV5VAUVVU8EZZ5,公式作品ページの視聴ボタンが「fodjp」（benefitId=fodjp）＝追加チャンネル登録が必要,high,false,A1確定
rename,小芝風花,tmdb-tv-77716,tmdb-tv-77716,女子的生活,Prime Video,flatrate,manual_csv,Prime Video内のNHKオンデマンドチャンネルで全4話を配信。チャンネル契約が必要。,https://www.amazon.co.jp/%E5%A5%B3%E5%AD%90%E7%9A%84%E7%94%9F%E6%B4%BB-NHK%E3%82%AA%E3%83%B3%E3%83%87%E3%83%9E%E3%83%B3%E3%83%89/dp/B07ZQBS7FN,B,NHK On Demand Amazon Channel,flatrate,https://www.amazon.co.jp/gp/video/detail/B0H4XVPS1H,公式作品ページ（タイトル検索で特定）の視聴ボタンがチャンネル登録（NHKオンデマンドで観る 今すぐ登録）,high,false,A1再確認
rename,清原果耶,tmdb-tv-81368,tmdb-tv-81368,透明なゆりかご,Prime Video,flatrate,manual_csv,NHKオンデマンドチャンネルの追加契約が必要,https://www.amazon.co.jp/%E9%80%8F%E6%98%8E%E3%81%AA%E3%82%86%E3%82%8A%E3%81%8B%E3%81%94-NHK%E3%82%AA%E3%83%B3%E3%83%87%E3%83%9E%E3%83%B3%E3%83%89/dp/B081KXPSVD,B,NHK On Demand Amazon Channel,flatrate,https://www.amazon.co.jp/gp/video/detail/B0H3G1MYGC,公式作品ページ（タイトル検索で特定）の視聴ボタンがチャンネル登録（NHKオンデマンドで観る 今すぐ登録）,high,false,A1再確認
rename,中村倫也,tmdb-tv-84016,tmdb-tv-84016,ちゃんぽん食べたか,Prime Video,flatrate,manual_csv,Prime Video内のNHKオンデマンドチャンネルで配信。チャンネルへの別途登録が必要。,https://www.amazon.co.jp/ちゃんぽん食べたか-NHKオンデマンド/dp/B07ZQCM3WC,B,NHK On Demand Amazon Channel,flatrate,https://www.amazon.co.jp/gp/video/detail/B0H3LYSK8T,公式作品ページ（タイトル検索で特定）の視聴ボタンがチャンネル登録（NHKオンデマンドで観る 今すぐ登録）,high,false,A1再確認
rename,菅田将暉,tmdb-tv-84016,tmdb-tv-84016,ちゃんぽん食べたか,Prime Video,flatrate,manual_csv,Prime Video内のNHKオンデマンドチャンネルで配信。チャンネルへの別途登録が必要。,https://www.amazon.co.jp/ちゃんぽん食べたか-NHKオンデマンド/dp/B07ZQCM3WC,B,NHK On Demand Amazon Channel,flatrate,https://www.amazon.co.jp/gp/video/detail/B0H3LYSK8T,公式作品ページ（タイトル検索で特定）の視聴ボタンがチャンネル登録（NHKオンデマンドで観る 今すぐ登録）,high,false,A1再確認
rename,間宮祥太朗,tmdb-tv-84016,tmdb-tv-84016,ちゃんぽん食べたか,Prime Video,flatrate,manual_csv,Prime Video内のNHKオンデマンドチャンネルで配信。チャンネルへの別途登録が必要。,https://www.amazon.co.jp/ちゃんぽん食べたか-NHKオンデマンド/dp/B07ZQCM3WC,B,NHK On Demand Amazon Channel,flatrate,https://www.amazon.co.jp/gp/video/detail/B0H3LYSK8T,公式作品ページ（タイトル検索で特定）の視聴ボタンがチャンネル登録（NHKオンデマンドで観る 今すぐ登録）,high,false,A1再確認
rename,川口春奈,tmdb-tv-84536,tmdb-tv-84536,受験のシンデレラ,Prime Video,flatrate,manual_csv,Prime Video公式で配信を確認。Prime Video内のNHKオンデマンド追加チャンネル契約が必要。,https://www.amazon.co.jp/%E5%8F%97%E9%A8%93%E3%81%AE%E3%82%B7%E3%83%B3%E3%83%87%E3%83%AC%E3%83%A9-NHK%E3%82%AA%E3%83%B3%E3%83%87%E3%83%9E%E3%83%B3%E3%83%89/dp/B0H2ZNYDDC,B,NHK On Demand Amazon Channel,flatrate,https://www.amazon.co.jp/%E5%8F%97%E9%A8%93%E3%81%AE%E3%82%B7%E3%83%B3%E3%83%87%E3%83%AC%E3%83%A9-NHK%E3%82%AA%E3%83%B3%E3%83%87%E3%83%9E%E3%83%B3%E3%83%89/dp/B0H2ZNYDDC,公式作品ページの視聴ボタンが「NHKオンデマンドで観る 今すぐ登録」（benefitId=nhkondemandjp）＝追加チャンネル登録が必要,high,false,A1確定
rename,小芝風花,tmdb-tv-85517,tmdb-tv-85517,トクサツガガガ,Prime Video,flatrate,manual_csv,Prime Video内のNHKオンデマンドチャンネルで全7話を配信。チャンネル契約が必要。,https://www.amazon.co.jp/-/en/dp/B0H3H5Y53P,B,NHK On Demand Amazon Channel,flatrate,https://www.amazon.co.jp/-/en/dp/B0H3H5Y53P,公式作品ページの視聴ボタンが「NHKオンデマンド」（benefitId=nhkondemandjp）＝追加チャンネル登録が必要,high,false,A1確定
rename,土屋太鳳,tmdb-tv-88435,tmdb-tv-88435,花子とアン,Prime Video,flatrate,manual_csv,Prime Video内のNHKオンデマンド公式作品ページで視聴可能。別途NHKオンデマンドチャンネル契約が必要。,https://www.amazon.co.jp/-/en/dp/B081KS6K5Y,B,NHK On Demand Amazon Channel,flatrate,https://www.amazon.co.jp/gp/video/detail/B0CQ76SJZS,公式作品ページ（タイトル検索で特定）の視聴ボタンがチャンネル登録（NHKオンデマンドで観る 今すぐ登録）,high,false,A1再確認
rename,松村北斗,tmdb-tv-88508,tmdb-tv-88508,パーフェクトワールド,Prime Video,flatrate,manual_csv,Prime Video内のKANTELE DOGA CHANNELで配信中。Prime会費とは別にチャンネル登録が必要。Amazonでの直接レンタル表示も確認。,https://www.amazon.co.jp/gp/video/detail/amzn1.dv.gti.fab5110e-77c3-4c92-969c-db99d2a9f8db,B,KANTELE DOGA CHANNEL Amazon Channel,flatrate,https://www.amazon.co.jp/gp/video/detail/amzn1.dv.gti.fab5110e-77c3-4c92-969c-db99d2a9f8db,公式作品ページの視聴ボタンが「カンテレド―ガCHANNELで観る 今すぐ7日間無料体験」（benefitId=kyotoch）＝追加チャンネル登録が必要,high,false,A1確定
rename,多部未華子,tmdb-tv-91618,tmdb-tv-91618,これは経費で落ちません！,Prime Video,flatrate,manual_csv,Prime Video内のNHKオンデマンドチャンネルで配信中。別途チャンネル契約が必要。,https://share.google/images/fooLL1RfHtobdY6t6,B,NHK On Demand Amazon Channel,flatrate,https://www.amazon.co.jp/gp/video/detail/B0CHNFSYR4,公式作品ページ（タイトル検索で特定）の視聴ボタンがチャンネル登録（NHKオンデマンドで観る 今すぐ登録）,high,false,A1再確認
rename,吉沢亮,tmdb-tv-92993,tmdb-tv-92993,なつぞら,Prime Video,flatrate,manual_csv,Prime VideoチャンネルのNHKオンデマンド追加契約が必要,https://www.amazon.co.jp/gp/video/offers?benefitId=nhkondemandjp,B,NHK On Demand Amazon Channel,flatrate,https://www.amazon.co.jp/gp/video/offers?benefitId=nhkondemandjp,公式作品ページの視聴ボタンが「NHKオンデマンド」（benefitId=nhkondemandjp）＝追加チャンネル登録が必要,high,false,A1確定
rename,山田裕貴,tmdb-tv-92993,tmdb-tv-92993,なつぞら,Prime Video,flatrate,manual_csv,Prime VideoチャンネルのNHKオンデマンド追加契約が必要,https://www.amazon.co.jp/gp/video/offers?benefitId=nhkondemandjp,B,NHK On Demand Amazon Channel,flatrate,https://www.amazon.co.jp/gp/video/offers?benefitId=nhkondemandjp,公式作品ページの視聴ボタンが「NHKオンデマンド」（benefitId=nhkondemandjp）＝追加チャンネル登録が必要,high,false,A1確定
rename,岡田将生,tmdb-tv-92993,tmdb-tv-92993,なつぞら,Prime Video,flatrate,manual_csv,Prime VideoチャンネルのNHKオンデマンド追加契約が必要,https://www.amazon.co.jp/gp/video/offers?benefitId=nhkondemandjp,B,NHK On Demand Amazon Channel,flatrate,https://www.amazon.co.jp/gp/video/offers?benefitId=nhkondemandjp,公式作品ページの視聴ボタンが「NHKオンデマンド」（benefitId=nhkondemandjp）＝追加チャンネル登録が必要,high,false,A1確定
rename,広瀬すず,tmdb-tv-92993,tmdb-tv-92993,なつぞら,Prime Video,flatrate,manual_csv,Prime VideoチャンネルのNHKオンデマンド追加契約が必要,https://www.amazon.co.jp/gp/video/offers?benefitId=nhkondemandjp,B,NHK On Demand Amazon Channel,flatrate,https://www.amazon.co.jp/gp/video/offers?benefitId=nhkondemandjp,公式作品ページの視聴ボタンが「NHKオンデマンド」（benefitId=nhkondemandjp）＝追加チャンネル登録が必要,high,false,A1確定
rename,染谷将太,tmdb-tv-92993,tmdb-tv-92993,なつぞら,Prime Video,flatrate,manual_csv,Prime VideoチャンネルのNHKオンデマンド追加契約が必要,https://www.amazon.co.jp/gp/video/offers?benefitId=nhkondemandjp,B,NHK On Demand Amazon Channel,flatrate,https://www.amazon.co.jp/gp/video/offers?benefitId=nhkondemandjp,公式作品ページの視聴ボタンが「NHKオンデマンド」（benefitId=nhkondemandjp）＝追加チャンネル登録が必要,high,false,A1確定
rename,清原果耶,tmdb-tv-92993,tmdb-tv-92993,なつぞら,Prime Video,flatrate,manual_csv,Prime VideoチャンネルのNHKオンデマンド追加契約が必要,https://www.amazon.co.jp/gp/video/offers?benefitId=nhkondemandjp,B,NHK On Demand Amazon Channel,flatrate,https://www.amazon.co.jp/gp/video/offers?benefitId=nhkondemandjp,公式作品ページの視聴ボタンが「NHKオンデマンド」（benefitId=nhkondemandjp）＝追加チャンネル登録が必要,high,false,A1確定
rename,鈴鹿央士,tmdb-tv-92993,tmdb-tv-92993,なつぞら,Prime Video,flatrate,manual_csv,Prime VideoチャンネルのNHKオンデマンド追加契約が必要,https://www.amazon.co.jp/gp/video/offers?benefitId=nhkondemandjp,B,NHK On Demand Amazon Channel,flatrate,https://www.amazon.co.jp/gp/video/offers?benefitId=nhkondemandjp,公式作品ページの視聴ボタンが「NHKオンデマンド」（benefitId=nhkondemandjp）＝追加チャンネル登録が必要,high,false,A1確定
rename,林遣都,tmdb-tv-94333,tmdb-tv-94333,スカーレット,Prime Video,flatrate,manual_csv,Prime Video内のNHKオンデマンド公式チャンネルで配信中。別途チャンネル登録が必要。,https://www.amazon.co.jp/スカーレット-NHKオンデマンド/dp/B081LDX6GC,B,NHK On Demand Amazon Channel,flatrate,https://www.primevideo.com/-/ja/detail/0FXTK649DI9JR6ORBEM83AA8YL,公式作品ページ（タイトル検索で特定）の視聴ボタンがチャンネル登録（NHKオンデマンドで観る 今すぐ登録）,high,false,A1再確認
rename,小芝風花,tmdb-tv-97521,tmdb-tv-97521,パラレル東京,Prime Video,flatrate,manual_csv,Prime Video内のNHKオンデマンドチャンネルで「パラレル東京」を含む番組を配信。チャンネル契約が必要。,https://www.amazon.co.jp/%EF%BC%AE%E3%82%B9%E3%83%9A-%E4%BD%93%E6%84%9F-%E9%A6%96%E9%83%BD%E7%9B%B4%E4%B8%8B%E5%9C%B0%E9%9C%87-NHK%E3%82%AA%E3%83%B3%E3%83%87%E3%83%9E%E3%83%B3%E3%83%89/dp/B082GCYKD5,B,NHK On Demand Amazon Channel,flatrate,https://www.amazon.co.jp/gp/video/detail/B0CGX6DXQ1,公式作品ページ（タイトル検索で特定）の視聴ボタンがチャンネル登録（NHKオンデマンドで観る 今すぐ登録）,high,false,A1再確認
rename,川口春奈,tmdb-tv-98928,tmdb-tv-98928,麒麟がくる,Prime Video,flatrate,manual_csv,Prime Video公式で配信を確認。Prime Video内のNHKオンデマンド追加チャンネル契約が必要。,https://www.amazon.co.jp/%E9%BA%92%E9%BA%9F%E3%81%8C%E3%81%8F%E3%82%8B-NHK%E3%82%AA%E3%83%B3%E3%83%87%E3%83%9E%E3%83%B3%E3%83%89/dp/B083894Z4C,B,NHK On Demand Amazon Channel,flatrate,https://www.amazon.co.jp/%E9%BA%92%E9%BA%9F%E3%81%8C%E3%81%8F%E3%82%8B-NHK%E3%82%AA%E3%83%B3%E3%83%87%E3%83%9E%E3%83%B3%E3%83%89/dp/B083894Z4C,公式作品ページの視聴ボタンが「NHKオンデマンドで観る 今すぐ登録」（benefitId=nhkondemandjp）＝追加チャンネル登録が必要（「配信は終了しました」表示はPrime本体のもので、チャンネル登録ボタンあり）,high,false,A1確定
rename,松本若菜,tmdb-tv-98928,tmdb-tv-98928,麒麟がくる,Prime Video,flatrate,manual_csv,Prime Video公式で配信を確認。Prime Video内のNHKオンデマンド追加チャンネル契約が必要。,https://www.amazon.co.jp/%E9%BA%92%E9%BA%9F%E3%81%8C%E3%81%8F%E3%82%8B-NHK%E3%82%AA%E3%83%B3%E3%83%87%E3%83%9E%E3%83%B3%E3%83%89/dp/B083894Z4C,B,NHK On Demand Amazon Channel,flatrate,https://www.amazon.co.jp/%E9%BA%92%E9%BA%9F%E3%81%8C%E3%81%8F%E3%82%8B-NHK%E3%82%AA%E3%83%B3%E3%83%87%E3%83%9E%E3%83%B3%E3%83%89/dp/B083894Z4C,公式作品ページの視聴ボタンが「NHKオンデマンドで観る 今すぐ登録」（benefitId=nhkondemandjp）＝追加チャンネル登録が必要（「配信は終了しました」表示はPrime本体のもので、チャンネル登録ボタンあり）,high,false,A1確定
rename,染谷将太,tmdb-tv-98928,tmdb-tv-98928,麒麟がくる,Prime Video,flatrate,manual_csv,Prime Video公式で配信を確認。Prime Video内のNHKオンデマンド追加チャンネル契約が必要。,https://www.amazon.co.jp/%E9%BA%92%E9%BA%9F%E3%81%8C%E3%81%8F%E3%82%8B-NHK%E3%82%AA%E3%83%B3%E3%83%87%E3%83%9E%E3%83%B3%E3%83%89/dp/B083894Z4C,B,NHK On Demand Amazon Channel,flatrate,https://www.amazon.co.jp/%E9%BA%92%E9%BA%9F%E3%81%8C%E3%81%8F%E3%82%8B-NHK%E3%82%AA%E3%83%B3%E3%83%87%E3%83%9E%E3%83%B3%E3%83%89/dp/B083894Z4C,公式作品ページの視聴ボタンが「NHKオンデマンドで観る 今すぐ登録」（benefitId=nhkondemandjp）＝追加チャンネル登録が必要（「配信は終了しました」表示はPrime本体のもので、チャンネル登録ボタンあり）,high,false,A1確定
rename,間宮祥太朗,tmdb-tv-98928,tmdb-tv-98928,麒麟がくる,Prime Video,flatrate,manual_csv,Prime Video公式で配信を確認。Prime Video内のNHKオンデマンド追加チャンネル契約が必要。,https://www.amazon.co.jp/%E9%BA%92%E9%BA%9F%E3%81%8C%E3%81%8F%E3%82%8B-NHK%E3%82%AA%E3%83%B3%E3%83%87%E3%83%9E%E3%83%B3%E3%83%89/dp/B083894Z4C,B,NHK On Demand Amazon Channel,flatrate,https://www.amazon.co.jp/%E9%BA%92%E9%BA%9F%E3%81%8C%E3%81%8F%E3%82%8B-NHK%E3%82%AA%E3%83%B3%E3%83%87%E3%83%9E%E3%83%B3%E3%83%89/dp/B083894Z4C,公式作品ページの視聴ボタンが「NHKオンデマンドで観る 今すぐ登録」（benefitId=nhkondemandjp）＝追加チャンネル登録が必要（「配信は終了しました」表示はPrime本体のもので、チャンネル登録ボタンあり）,high,false,A1確定
set_rent,宮近海斗,tmdb-tv-246832,tmdb-tv-246832,お迎え渋谷くん,Prime Video,flatrate,manual_csv,2026年9月7日確認のJustWatchでAmazon Prime Videoのサブスクリプション配信を確認。,https://www.justwatch.com/jp/テレビ番組/oying-eshibui-gu-kun,D,Prime Video,rent,https://www.amazon.co.jp/gp/video/detail/B0CVN6B1WT,公式作品ページはレンタル・購入のみ（見放題・チャンネルの登録ボタンなし）,high,false,個別確認37
set_unknown,真中まな,csv-tv-fruitszipper3rdanniversary超超超めでた,csv-tv-fruitszipper3rdanniversary超超超めでた,FRUITS ZIPPER 3rd ANNIVERSARY 超超超めでたいライブ -さん- アーカイブ配信,Prime Video,flatrate,manual_csv,TELASA for Prime Videoチャンネル加入で見放題。調査時点で終了まで約2時間の表示あり。,https://www.primevideo.com/detail/0TZP6NKPQ5WLIJRM8F0ZTZS9FZ?tr=jp,D,Prime Video,unknown,https://www.primevideo.com/detail/0TZP6NKPQ5WLIJRM8F0ZTZS9FZ?tr=jp,公式作品ページに「お住まいの地域ではPrime Videoでの配信は終了しました」と表示（現在は本体・チャンネルとも配信なし）,high,false,個別確認37
set_unknown,早瀬ノエル,csv-tv-さいたまスーパーアリーナ25周年fruitszipper3rda,csv-tv-さいたまスーパーアリーナ25周年fruitszipper3rda,さいたまスーパーアリーナ25周年 FRUITS ZIPPER 3rd ANNIVERSARY 超超超めでたいライブ -さん- Day.02,Prime Video,flatrate,manual_csv,Prime Video ChannelsのTELASAチャンネル経由。2026-08-02終了間近の表示があり、調査時点では視聴可能。,https://www.primevideo.com/detail/0TZP6NKPQ5WLIJRM8F0ZTZS9FZ?tr=jp,D,Prime Video,unknown,https://www.primevideo.com/detail/0TZP6NKPQ5WLIJRM8F0ZTZS9FZ?tr=jp,公式作品ページに「お住まいの地域ではPrime Videoでの配信は終了しました」と表示（現在は本体・チャンネルとも配信なし）,high,false,個別確認37
set_unknown,松本かれん,csv-tv-マユリカとおねだりフルーツジッパー,csv-tv-マユリカとおねだりフルーツジッパー,マユリカとおねだりフルーツジッパー,Prime Video,flatrate,manual_csv,Prime Video公式でシリーズ配信を確認。視聴にはTELASA for Prime Videoなど追加チャンネル登録が必要となる場合あり。,https://www.primevideo.com/detail/0M43QDARF3N6NWUON6RFVEHCQ3,D,Prime Video,unknown,https://www.primevideo.com/detail/0M43QDARF3N6NWUON6RFVEHCQ3,公式作品ページに「お住まいの地域ではPrime Videoでの配信は終了しました」と表示（現在は本体・チャンネルとも配信なし）,high,false,個別確認37
set_unknown,愛宕心響,csv-tv-乃⽊坂46初披露の会「はじめまして6期生です」みんなで振り返りま,csv-tv-乃⽊坂46初披露の会「はじめまして6期生です」みんなで振り返りま,乃⽊坂46 初披露の会「はじめまして、6期生です」みんなで振り返りましょうの会,Prime Video,flatrate,manual_csv,Prime Video内Lemino Selectで現在配信中。別途チャンネル登録が必要,https://www.amazon.co.jp/dp/B0FRKR2N8D,D,Prime Video,unknown,https://www.amazon.co.jp/dp/B0FRKR2N8D,公式作品ページに「お住まいの地域ではPrime Videoでの配信は終了しました」と表示（現在は本体・チャンネルとも配信なし）,high,false,個別確認37
set_unknown,愛宕心響,csv-tv-乃木坂46初披露の会「はじめまして6期生です」,csv-tv-乃木坂46初披露の会「はじめまして6期生です」,乃木坂46 初披露の会「はじめまして、6期生です」,Prime Video,flatrate,manual_csv,Prime Video内Lemino Selectで特別番組を配信中で番組内に初披露の会のライブ全編を収録。別途チャンネル登録が必要,https://www.amazon.co.jp/dp/B0FRKR2N8D,D,Prime Video,unknown,https://www.amazon.co.jp/dp/B0FRKR2N8D,公式作品ページに「お住まいの地域ではPrime Videoでの配信は終了しました」と表示（現在は本体・チャンネルとも配信なし）,high,false,個別確認37
set_unknown,川端晃菜,csv-tv-乃木坂46初披露の会「はじめまして6期生です」みんなで振り返りま,csv-tv-乃木坂46初披露の会「はじめまして6期生です」みんなで振り返りま,乃木坂46 初披露の会「はじめまして、6期生です」みんなで振り返りましょうの会,Prime Video,flatrate,manual_csv,2026年8月1日確認。Prime Video内「Leminoセレクト」の追加サブスクリプション対象として現在配信中。,https://www.primevideo.com/-/ja/detail/0MTRZZCE89RP6OW4B0CJELF0PS,D,Prime Video,unknown,https://www.primevideo.com/-/ja/detail/0MTRZZCE89RP6OW4B0CJELF0PS,公式作品ページに「お住まいの地域ではPrime Videoでの配信は終了しました」と表示（現在は本体・チャンネルとも配信なし）,high,false,個別確認37
set_unknown,中村倫也,csv-tv-秘密の花園イングリッシュ・ガーデン,csv-tv-秘密の花園イングリッシュ・ガーデン,秘密の花園 イングリッシュ・ガーデン,Prime Video,flatrate,manual_csv,Prime Video内のNHKオンデマンドチャンネルで配信。チャンネルへの別途登録が必要。,https://www.amazon.co.jp/秘密のイングリッシュガーデン-NHKオンデマンド/dp/B09G2BRSXW,D,Prime Video,unknown,,公式検索で同一作品を特定できず（現在の配信を公式情報で確認できない）,low,true,A1再確認
set_unknown,渡辺翔太,csv-tv-頭取野崎修平,csv-tv-頭取野崎修平,頭取 野崎修平,Prime Video,flatrate,manual_csv,Prime Video公式ページで配信を確認。Cinefil WOWOW PLUSのチャンネル登録が必要。,https://www.amazon.co.jp/dp/B0FJZ5RNTR,D,Prime Video,unknown,https://www.amazon.co.jp/dp/B0FJZ5RNTR,公式作品ページに「お住まいの地域ではPrime Videoでの配信は終了しました」と表示（現在は本体・チャンネルとも配信なし）,high,false,個別確認37
